npt,ijgcm,iYrCnt,idoy,iveg,tsoilavg,casapool%Cplant(LEAF),casapool%Cplant(WOOD),casapool%Cplant(FROOT),casapool%Nplant(LEAF),casapool%Nplant(WOOD),casapool%Nplant(FROOT),casapool%Clitter(MET),casapool%Clitter(STR),casapool%Clitter(CWD),casapool%Nlitter(MET),casapool%Nlitter(STR),casapool%Nlitter(CWD),casapool%Csoil(MIC),casapool%Csoil(SLOW),casapool%Csoil(PASS),casapool%Nsoil(MIC),casapool%Nsoil(SLOW),casapool%Nsoil(PASS),casaflux%Crsoil,cleaf2met,cleaf2str,croot2met,croot2str,cwd2str,cwd2co2,cwood2cwd,casaflux%cgpp,casaflux%cnpp,casaflux%crmplant(LEAF),casaflux%crmplant(WOOD),casaflux%crmplant(FROOT),casaflux%crgplant,phen%phase,casaflux%fracCalloc(LEAF),casaflux%fracCalloc(WOOD),casaflux%fracCalloc(FROOT),casapool%fT,casapool%fW
1,1,1,365,10,272.86724,67.91475,0,532.95334,1.3583,0,12.99886,62.89068,132.54338,0,0.47621,0.33941,0,60.24716,330.71986,550.88572,2.75,24.8855,42.06107,0.30206,0.13533,0.11528,0.28898,0.19827,0,0,0,0,-0.10335,0,0,0.10335,0,0,0,0,1,0.23917,0.34465
1,1,2,365,10,271.95911,61.04807,0,540.44435,1.22096,0,13.18157,71.7345,197.7662,0,0.47621,0.33941,0,101.2242,350.77579,550.89083,2.75,24.8855,42.06107,0.71525,0.12,0.10222,0.29304,0.20105,0,0,0,0,-0.09141,0,0,0.09141,0,0,0,0,1,0.23052,0.68134
1,1,3,365,10,271.69435,65.27288,0,530.45176,1.30546,0,12.93785,98.19494,252.28215,0,0.47621,0.33941,0,123.39327,381.74013,550.97927,2.75,24.8855,42.06107,0.14465,0.13461,0.11467,0.28762,0.19734,0,0,0,0,-0.08612,0,0,0.08612,0,0,0,0,1,0.22806,0.10695
1,1,4,365,10,271.32786,69.06836,0,717.17443,1.38137,0,17.49206,66.90769,271.06087,0,0.47621,0.33941,0,149.12714,440.6776,551.22189,2.75,24.8855,42.06107,0.40375,0.13751,0.11714,0.38886,0.2668,0,0,0,0,-0.10994,0,0,0.10994,0,0,0,0,1,0.2247,0.35636
1,1,5,365,10,270.0956,60.28524,0,672.39246,1.2057,0,16.39982,86.13505,316.38619,0,0.47621,0.33941,0,169.90294,488.73221,551.44669,2.75,24.8855,42.06107,0.72266,0.11885,0.10125,0.36457,0.25013,0,0,0,0,-0.08437,0,0,0.08437,0,0,0,0,1,0.21374,0.54949
1,1,6,365,10,275.4132,57.01134,0,660.18153,1.14023,0,16.10199,88.82664,338.42855,0,0.47621,0.33941,0,181.90423,546.2045,551.74652,2.75,24.8855,42.06107,0.9485,0.09541,0.08128,0.358,0.24562,0,0,0,0,-0.18272,0,0,0.18272,0,0,0,0,1,0.26518,0.55102
1,1,7,365,10,272.69723,68.11081,0,747.51143,1.36222,0,18.23199,108.29839,360.99249,0,0.47621,0.33941,0,185.35331,607.47652,552.08992,2.75,24.8855,42.06107,0.50019,0.13645,0.11623,0.40532,0.27809,0,0,0,0,-0.14135,0,0,0.14135,0,0,0,0,1,0.23752,0.28474
1,1,8,365,10,274.26855,43.93983,0,589.39405,0.8788,0,14.37546,87.96176,392.0792,0,0.47621,0.33941,0,218.80692,653.73649,552.36419,2.75,24.8855,42.06107,0.86082,0.08684,0.07397,0.3196,0.21928,0,0,0,0,-0.13968,0,0,0.13968,0,0,0,0,1,0.25315,0.48469
1,1,9,365,10,274.501,66.66722,0,652.69238,1.33334,0,15.91933,119.37886,422.73681,0,0.47621,0.33941,0,221.83133,703.03001,552.67286,2.75,24.8855,42.06107,0.18185,0.11854,0.10098,0.35393,0.24283,0,0,0,0,-0.15973,0,0,0.15973,0,0,0,0,1,0.25555,0.08486
1,1,10,365,10,274.86604,66.53153,0,696.88125,1.33063,0,16.9971,128.16132,453.02922,0,0.47621,0.33941,0,237.0636,758.8346,553.03549,2.75,24.8855,42.06107,0.39627,0.11552,0.0984,0.37789,0.25927,0,0,0,0,-0.17926,0,0,0.17926,0,0,0,0,1,0.25936,0.16966
1,1,11,365,10,274.17473,30.82789,0,498.30857,0.61656,0,12.15387,88.30362,462.64744,0,0.47621,0.33941,0,264.79626,809.86291,553.37754,2.75,24.8855,42.06107,0.81624,0.06113,0.05208,0.27021,0.18539,0,0,0,0,-0.11656,0,0,0.11656,0,0,0,0,1,0.25219,0.41667
1,1,12,365,10,273.51758,55.44342,0,507.76961,1.10887,0,12.38462,93.90951,473.57585,0,0.47621,0.33941,0,267.42302,858.10162,553.71264,2.75,24.8855,42.06107,0.2734,0.11349,0.09668,0.27533,0.18891,0,0,0,0,-0.10823,0,0,0.10823,0,0,0,0,1,0.24556,0.13785
1,1,13,365,10,272.88055,24.40063,0,355.13556,0.48801,0,8.66184,64.46304,454.73504,0,0.47621,0.33941,0,267.49343,910.68457,554.08889,2.75,24.8855,42.06107,0.4486,0.04896,0.0417,0.19256,0.13212,0,0,0,0,-0.069,0,0,0.069,0,0,0,0,1,0.2393,0.26983
1,1,14,365,10,272.53265,42.41663,0,419.1727,0.84833,0,10.22372,71.02003,441.87094,0,0.47621,0.33941,0,252.70463,956.97097,554.43387,2.75,24.8855,42.06107,0.36959,0.08561,0.07293,0.22729,0.15594,0,0,0,0,-0.07734,0,0,0.07734,0,0,0,0,1,0.23594,0.22052
1,1,15,365,10,274.35508,58.73547,0,497.77245,1.17471,0,12.14079,94.3028,454.51602,0,0.47621,0.33941,0,248.37941,997.46333,554.74579,2.75,24.8855,42.06107,0.35227,0.10193,0.08683,0.26992,0.18519,0,0,0,0,-0.11939,0,0,0.11939,0,0,0,0,1,0.25404,0.17207
1,1,16,365,10,271.30076,33.25127,0,390.40728,0.66503,0,9.52213,106.5211,479.0626,0,0.47621,0.33941,0,260.17974,1026.19191,554.97014,2.75,24.8855,42.06107,0.2012,0.06866,0.05848,0.21168,0.14524,0,0,0,0,-0.05959,0,0,0.05959,0,0,0,0,1,0.22445,0.10274
1,1,17,365,10,275.31328,28.10023,0,312.02533,0.562,0,7.61037,96.79737,479.27331,0,0.47621,0.33941,0,265.39263,1057.93332,555.22157,2.75,24.8855,42.06107,0.16896,0.05852,0.04985,0.1692,0.11609,0,0,0,0,-0.08522,0,0,0.08522,0,0,0,0,1,0.2641,0.07595
1,1,18,365,10,275.11698,33.99693,0,367.62035,0.67994,0,8.96635,72.47408,456.84651,0,0.47621,0.33941,0,260.93582,1100.82715,555.57097,2.75,24.8855,42.06107,0.24098,0.06981,0.05947,0.19935,0.13677,0,0,0,0,-0.09781,0,0,0.09781,0,0,0,0,1,0.26201,0.12385
1,1,19,365,10,274.17873,55.70748,0,531.27864,1.11415,0,12.95802,45.59475,383.44868,0,0.47621,0.33941,0,220.3975,1173.02089,556.20789,2.75,24.8855,42.06107,0.36426,0.11211,0.0955,0.28809,0.19766,0,0,0,0,-0.12434,0,0,0.12434,0,0,0,0,1,0.25223,0.24332
1,1,20,365,10,274.65033,40.36492,0,447.7609,0.8073,0,10.921,84.07268,403.76724,0,0.47621,0.33941,0,216.20694,1200.80781,556.47921,2.75,24.8855,42.06107,0.20628,0.08324,0.07091,0.2428,0.16659,0,0,0,0,-0.11184,0,0,0.11184,0,0,0,0,1,0.2571,0.10715
1,1,21,365,10,272.86724,67.74997,0,602.62945,1.355,0,14.69828,71.05476,384.4702,0,0.47621,0.33941,0,210.30425,1246.20555,556.943,2.75,24.8855,42.06107,0.57137,0.13501,0.115,0.32676,0.22419,0,0,0,0,-0.11686,0,0,0.11686,0,0,0,0,1,0.23917,0.34465
1,1,22,365,10,271.95911,60.45895,0,582.98656,1.20918,0,14.21918,76.48203,390.94467,0,0.47621,0.33941,0,213.4442,1284.00634,557.35173,2.75,24.8855,42.06107,1.13745,0.11884,0.10123,0.3161,0.21688,0,0,0,0,-0.09861,0,0,0.09861,0,0,0,0,1,0.23052,0.68134
1,1,23,365,10,271.69435,64.78035,0,556.05403,1.29561,0,13.56229,101.89259,400.14883,0,0.47621,0.33941,0,206.96699,1319.11594,557.7523,2.75,24.8855,42.06107,0.20049,0.1336,0.11381,0.3015,0.20686,0,0,0,0,-0.09028,0,0,0.09028,0,0,0,0,1,0.22806,0.10695
1,1,24,365,10,271.32786,68.85862,0,732.82381,1.37717,0,17.87375,68.11724,370.34282,0,0.47621,0.33941,0,203.94639,1368.01949,558.3342,2.75,24.8855,42.06107,0.54859,0.13709,0.11678,0.39734,0.27262,0,0,0,0,-0.11234,0,0,0.11234,0,0,0,0,1,0.2247,0.35636
1,1,25,365,10,270.0956,60.13461,0,681.85928,1.20269,0,16.63071,87.13894,390.39985,0,0.47621,0.33941,0,209.95494,1400.19373,558.75189,2.75,24.8855,42.06107,0.90932,0.11856,0.10099,0.3697,0.25365,0,0,0,0,-0.08556,0,0,0.08556,0,0,0,0,1,0.21374,0.54949
1,1,26,365,10,275.4132,56.91093,0,665.97849,1.13822,0,16.24338,89.48358,392.31252,0,0.47621,0.33941,0,210.60347,1435.74436,559.21787,2.75,24.8855,42.06107,1.15294,0.09524,0.08113,0.36114,0.24778,0,0,0,0,-0.18433,0,0,0.18433,0,0,0,0,1,0.26518,0.55102
1,1,27,365,10,272.69723,68.04636,0,751.02359,1.36093,0,18.31765,108.72872,399.56071,0,0.47621,0.33941,0,205.60739,1470.58762,559.70266,2.75,24.8855,42.06107,0.58445,0.13632,0.11612,0.40722,0.2794,0,0,0,0,-0.14201,0,0,0.14201,0,0,0,0,1,0.23752,0.28474
1,1,28,365,10,274.26855,43.89812,0,591.49739,0.87796,0,14.42677,88.2347,422.92494,0,0.47621,0.33941,0,234.92306,1497.83967,560.05799,2.75,24.8855,42.06107,1.00336,0.08676,0.0739,0.32074,0.22006,0,0,0,0,-0.14018,0,0,0.14018,0,0,0,0,1,0.25315,0.48469
1,1,29,365,10,274.501,66.64203,0,653.97185,1.33284,0,15.95053,119.59005,447.3639,0,0.47621,0.33941,0,234.60718,1527.5493,560.43886,2.75,24.8855,42.06107,0.20551,0.1185,0.10094,0.35462,0.24331,0,0,0,0,-0.16004,0,0,0.16004,0,0,0,0,1,0.25555,0.08486
1,1,30,365,10,274.86604,66.5167,0,697.64149,1.33033,0,17.01565,128.28703,472.28633,0,0.47621,0.33941,0,246.9962,1561.77044,560.8715,2.75,24.8855,42.06107,0.44135,0.11549,0.09838,0.37831,0.25956,0,0,0,0,-0.17945,0,0,0.17945,0,0,0,0,1,0.25936,0.16966
1,1,31,365,10,274.17473,30.82005,0,498.75183,0.6164,0,12.16468,88.37381,478.36744,0,0.47621,0.33941,0,272.87468,1594.9032,561.26594,2.75,24.8855,42.06107,0.9189,0.06112,0.05206,0.27045,0.18556,0,0,0,0,-0.11666,0,0,0.11666,0,0,0,0,1,0.25219,0.41667
1,1,32,365,10,273.51758,55.43819,0,508.03552,1.10876,0,12.39111,93.95653,486.60049,0,0.47621,0.33941,0,274.08803,1626.6148,561.64587,2.75,24.8855,42.06107,0.30515,0.11348,0.09667,0.27548,0.18901,0,0,0,0,-0.10829,0,0,0.10829,0,0,0,0,1,0.24556,0.13785
1,1,33,365,10,272.88055,24.39792,0,355.2929,0.48796,0,8.66568,64.48827,465.33053,0,0.47621,0.33941,0,272.89287,1661.2303,562.06774,2.75,24.8855,42.06107,0.50669,0.04895,0.0417,0.19265,0.13218,0,0,0,0,-0.06903,0,0,0.06903,0,0,0,0,1,0.2393,0.26983
1,1,34,365,10,272.53265,42.41458,0,419.26719,0.84829,0,10.22603,71.0362,450.55897,0,0.47621,0.33941,0,257.11333,1690.41331,562.45367,2.75,24.8855,42.06107,0.41467,0.08561,0.07292,0.22734,0.15598,0,0,0,0,-0.07736,0,0,0.07736,0,0,0,0,1,0.23594,0.22052
1,1,35,365,10,274.35508,58.73416,0,497.82917,1.17468,0,12.14217,94.31346,461.71965,0,0.47621,0.33941,0,252.02145,1714.95666,562.80197,2.75,24.8855,42.06107,0.38889,0.10193,0.08683,0.26995,0.18521,0,0,0,0,-0.1194,0,0,0.1194,0,0,0,0,1,0.25404,0.17207
1,1,36,365,10,271.30076,33.25054,0,390.44092,0.66501,0,9.52295,106.52976,485.37822,0,0.47621,0.33941,0,263.36513,1732.59714,563.05076,2.75,24.8855,42.06107,0.22009,0.06865,0.05848,0.2117,0.14525,0,0,0,0,-0.0596,0,0,0.0596,0,0,0,0,1,0.22445,0.10274
1,1,37,365,10,275.31328,28.09982,0,312.04493,0.562,0,7.61085,96.80326,484.765,0,0.47621,0.33941,0,268.15618,1752.69886,563.32717,2.75,24.8855,42.06107,0.18501,0.05852,0.04985,0.16921,0.1161,0,0,0,0,-0.08523,0,0,0.08523,0,0,0,0,1,0.2641,0.07595
1,1,38,365,10,275.11698,33.99667,0,367.63213,0.67993,0,8.96664,72.47674,461.37413,0,0.47621,0.33941,0,263.20774,1779.76299,563.70959,2.75,24.8855,42.06107,0.26615,0.06981,0.05947,0.19936,0.13678,0,0,0,0,-0.09782,0,0,0.09782,0,0,0,0,1,0.26201,0.12385
1,1,39,365,10,274.17873,55.70729,0,531.28572,1.11415,0,12.95819,45.59529,386.51376,0,0.47621,0.33941,0,221.92743,1820.8182,564.4088,2.75,24.8855,42.06107,0.40913,0.11211,0.0955,0.28809,0.19766,0,0,0,0,-0.12434,0,0,0.12434,0,0,0,0,1,0.25223,0.24332
1,1,40,365,10,274.65033,40.36482,0,447.76504,0.8073,0,10.9211,84.07333,406.29305,0,0.47621,0.33941,0,217.46484,1833.57088,564.70916,2.75,24.8855,42.06107,0.22586,0.08324,0.07091,0.2428,0.16659,0,0,0,0,-0.11185,0,0,0.11185,0,0,0,0,1,0.2571,0.10715
1,1,41,365,10,272.86724,67.74991,0,602.63199,1.355,0,14.69834,71.05501,386.2807,0,0.47621,0.33941,0,211.20318,1853.81122,565.22036,2.75,24.8855,42.06107,0.62725,0.13501,0.115,0.32676,0.22419,0,0,0,0,-0.11686,0,0,0.11686,0,0,0,0,1,0.23917,0.34465
1,1,42,365,10,271.95911,60.45891,0,582.98811,1.20918,0,14.21922,76.48219,392.28824,0,0.47621,0.33941,0,214.10984,1869.8259,565.66914,2.75,24.8855,42.06107,1.23966,0.11884,0.10123,0.31611,0.21688,0,0,0,0,-0.09861,0,0,0.09861,0,0,0,0,1,0.23052,0.68134
1,1,43,365,10,271.69435,64.78033,0,556.05496,1.29561,0,13.56232,101.89272,401.15076,0,0.47621,0.33941,0,207.46251,1884.20165,566.10712,2.75,24.8855,42.06107,0.21575,0.1336,0.11381,0.3015,0.20686,0,0,0,0,-0.09028,0,0,0.09028,0,0,0,0,1,0.22806,0.10695
1,1,44,365,10,271.32786,68.85861,0,732.82438,1.37717,0,17.87377,68.11728,371.00164,0,0.47621,0.33941,0,204.27163,1904.67466,566.73939,2.75,24.8855,42.06107,0.59599,0.13709,0.11678,0.39734,0.27262,0,0,0,0,-0.11234,0,0,0.11234,0,0,0,0,1,0.2247,0.35636
1,1,45,365,10,270.0956,60.13461,0,681.85963,1.20269,0,16.63072,87.13898,390.88196,0,0.47621,0.33941,0,210.1927,1916.55566,567.19248,2.75,24.8855,42.06107,0.97609,0.11856,0.10099,0.3697,0.25365,0,0,0,0,-0.08556,0,0,0.08556,0,0,0,0,1,0.21374,0.54949
1,1,46,365,10,275.4132,56.91092,0,665.9787,1.13822,0,16.24338,89.48361,392.65813,0,0.47621,0.33941,0,210.77377,1931.29248,567.69435,2.75,24.8855,42.06107,1.23254,0.09524,0.08113,0.36114,0.24778,0,0,0,0,-0.18433,0,0,0.18433,0,0,0,0,1,0.26518,0.55102
1,1,47,365,10,272.69723,68.04636,0,751.02372,1.36093,0,18.31765,108.72874,399.80486,0,0.47621,0.33941,0,205.72761,1945.27821,568.21471,2.75,24.8855,42.06107,0.6197,0.13632,0.11612,0.40722,0.2794,0,0,0,0,-0.14201,0,0,0.14201,0,0,0,0,1,0.23752,0.28474
1,1,48,365,10,274.26855,43.89812,0,591.49747,0.87796,0,14.42677,88.23471,423.11829,0,0.47621,0.33941,0,235.01824,1959.01174,568.59292,2.75,24.8855,42.06107,1.06545,0.08676,0.0739,0.32074,0.22006,0,0,0,0,-0.14018,0,0,0.14018,0,0,0,0,1,0.25315,0.48469
1,1,49,365,10,274.501,66.64203,0,653.9719,1.33284,0,15.95053,119.59006,447.51708,0,0.47621,0.33941,0,234.68257,1975.60776,568.99585,2.75,24.8855,42.06107,0.21616,0.1185,0.10094,0.35462,0.24331,0,0,0,0,-0.16004,0,0,0.16004,0,0,0,0,1,0.25555,0.08486
1,1,50,365,10,274.86604,66.5167,0,697.64152,1.33033,0,17.01565,128.28703,472.40541,0,0.47621,0.33941,0,247.05479,1996.0614,569.4515,2.75,24.8855,42.06107,0.4623,0.11549,0.09838,0.37831,0.25956,0,0,0,0,-0.17945,0,0,0.17945,0,0,0,0,1,0.25936,0.16966
1,1,51,365,10,274.17473,30.82005,0,498.75185,0.6164,0,12.16468,88.37382,478.46425,0,0.47621,0.33941,0,272.9223,2018.18443,569.86424,2.75,24.8855,42.06107,0.96764,0.06112,0.05206,0.27045,0.18556,0,0,0,0,-0.11666,0,0,0.11666,0,0,0,0,1,0.25219,0.41667
1,1,52,365,10,273.51758,55.43819,0,508.03553,1.10876,0,12.39111,93.95653,486.68045,0,0.47621,0.33941,0,274.12735,2039.98154,570.26057,2.75,24.8855,42.06107,0.32048,0.11348,0.09667,0.27548,0.18901,0,0,0,0,-0.10829,0,0,0.10829,0,0,0,0,1,0.24556,0.13785
1,1,53,365,10,272.88055,24.39792,0,355.29291,0.48796,0,8.66568,64.48828,465.39544,0,0.47621,0.33941,0,272.92479,2064.03999,570.69982,2.75,24.8855,42.06107,0.53518,0.04895,0.0417,0.19265,0.13218,0,0,0,0,-0.06903,0,0,0.06903,0,0,0,0,1,0.2393,0.26983
1,1,54,365,10,272.53265,42.41458,0,419.26719,0.84829,0,10.22603,71.0362,450.61211,0,0.47621,0.33941,0,257.13946,2083.34842,571.10193,2.75,24.8855,42.06107,0.43706,0.08561,0.07292,0.22734,0.15598,0,0,0,0,-0.07736,0,0,0.07736,0,0,0,0,1,0.23594,0.22052
1,1,55,365,10,274.35508,58.73416,0,497.82917,1.17468,0,12.14217,94.31346,461.76366,0,0.47621,0.33941,0,252.04309,2098.80959,571.46505,2.75,24.8855,42.06107,0.40727,0.10193,0.08683,0.26995,0.18521,0,0,0,0,-0.1194,0,0,0.1194,0,0,0,0,1,0.25404,0.17207
1,1,56,365,10,271.30076,33.25054,0,390.44092,0.66501,0,9.52295,106.52976,485.41677,0,0.47621,0.33941,0,263.38409,2110.19658,571.72399,2.75,24.8855,42.06107,0.22962,0.06865,0.05848,0.2117,0.14525,0,0,0,0,-0.0596,0,0,0.0596,0,0,0,0,1,0.22445,0.10274
1,1,57,365,10,275.31328,28.09982,0,312.04493,0.562,0,7.61085,96.80326,484.7985,0,0.47621,0.33941,0,268.17265,2123.7799,572.01097,2.75,24.8855,42.06107,0.19316,0.05852,0.04985,0.16921,0.1161,0,0,0,0,-0.08523,0,0,0.08523,0,0,0,0,1,0.2641,0.07595
1,1,58,365,10,275.11698,33.99667,0,367.63213,0.67993,0,8.96664,72.47674,461.40175,0,0.47621,0.33941,0,263.22132,2142.04517,572.40758,2.75,24.8855,42.06107,0.27902,0.06981,0.05947,0.19936,0.13678,0,0,0,0,-0.09782,0,0,0.09782,0,0,0,0,1,0.26201,0.12385
1,1,59,365,10,274.17873,55.70729,0,531.28572,1.11415,0,12.95819,45.59529,386.53245,0,0.47621,0.33941,0,221.93661,2165.9727,573.13423,2.75,24.8855,42.06107,0.43231,0.11211,0.0955,0.28809,0.19766,0,0,0,0,-0.12434,0,0,0.12434,0,0,0,0,1,0.25223,0.24332
1,1,60,365,10,274.65033,40.36482,0,447.76504,0.8073,0,10.9211,84.07333,406.30844,0,0.47621,0.33941,0,217.47241,2170.52447,573.44764,2.75,24.8855,42.06107,0.23602,0.08324,0.07091,0.2428,0.16659,0,0,0,0,-0.11185,0,0,0.11185,0,0,0,0,1,0.2571,0.10715
1,1,61,365,10,272.86724,67.74991,0,602.63199,1.355,0,14.69834,71.05501,386.29173,0,0.47621,0.33941,0,211.2086,2177.11882,573.9804,2.75,24.8855,42.06107,0.65642,0.13501,0.115,0.32676,0.22419,0,0,0,0,-0.11686,0,0,0.11686,0,0,0,0,1,0.23917,0.34465
1,1,62,365,10,271.95911,60.45891,0,582.98811,1.20918,0,14.21922,76.48219,392.29643,0,0.47621,0.33941,0,214.11386,2181.37844,574.4476,2.75,24.8855,42.06107,1.29322,0.11884,0.10123,0.31611,0.21688,0,0,0,0,-0.09861,0,0,0.09861,0,0,0,0,1,0.23052,0.68134
1,1,63,365,10,271.69435,64.78033,0,556.05496,1.29561,0,13.56232,101.89272,401.15686,0,0.47621,0.33941,0,207.46551,2184.60867,574.90291,2.75,24.8855,42.06107,0.22377,0.1336,0.11381,0.3015,0.20686,0,0,0,0,-0.09028,0,0,0.09028,0,0,0,0,1,0.22806,0.10695
1,1,64,365,10,271.32786,68.85861,0,732.82438,1.37717,0,17.87377,68.11728,371.00565,0,0.47621,0.33941,0,204.2736,2189.84964,575.55861,2.75,24.8855,42.06107,0.62098,0.13709,0.11678,0.39734,0.27262,0,0,0,0,-0.11234,0,0,0.11234,0,0,0,0,1,0.2247,0.35636
1,1,65,365,10,270.0956,60.13461,0,681.85963,1.20269,0,16.63072,87.13898,390.88489,0,0.47621,0.33941,0,210.19414,2190.88583,576.02821,2.75,24.8855,42.06107,1.01135,0.11856,0.10099,0.3697,0.25365,0,0,0,0,-0.08556,0,0,0.08556,0,0,0,0,1,0.21374,0.54949
1,1,66,365,10,275.4132,56.91092,0,665.9787,1.13822,0,16.24338,89.48361,392.66023,0,0.47621,0.33941,0,210.77481,2194.51769,576.54681,2.75,24.8855,42.06107,1.27463,0.09524,0.08113,0.36114,0.24778,0,0,0,0,-0.18433,0,0,0.18433,0,0,0,0,1,0.26518,0.55102
1,1,67,365,10,272.69723,68.04636,0,751.02372,1.36093,0,18.31765,108.72874,399.80635,0,0.47621,0.33941,0,205.72835,2197.38939,577.08374,2.75,24.8855,42.06107,0.63836,0.13632,0.11612,0.40722,0.2794,0,0,0,0,-0.14201,0,0,0.14201,0,0,0,0,1,0.23752,0.28474
1,1,68,365,10,274.26855,43.89812,0,591.49747,0.87796,0,14.42677,88.23471,423.11947,0,0.47621,0.33941,0,235.01882,2203.92553,577.47256,2.75,24.8855,42.06107,1.09834,0.08676,0.0739,0.32074,0.22006,0,0,0,0,-0.14018,0,0,0.14018,0,0,0,0,1,0.25315,0.48469
1,1,69,365,10,274.501,66.64203,0,653.9719,1.33284,0,15.95053,119.59006,447.51802,0,0.47621,0.33941,0,234.68302,2213.54342,577.88569,2.75,24.8855,42.06107,0.22181,0.1185,0.10094,0.35462,0.24331,0,0,0,0,-0.16004,0,0,0.16004,0,0,0,0,1,0.25555,0.08486
1,1,70,365,10,274.86604,66.5167,0,697.64152,1.33033,0,17.01565,128.28703,472.40614,0,0.47621,0.33941,0,247.05515,2226.67419,578.35196,2.75,24.8855,42.06107,0.47341,0.11549,0.09838,0.37831,0.25956,0,0,0,0,-0.17945,0,0,0.17945,0,0,0,0,1,0.25936,0.16966
1,1,71,365,10,274.17473,30.82005,0,498.75185,0.6164,0,12.16468,88.37382,478.46483,0,0.47621,0.33941,0,272.92259,2242.94322,578.77311,2.75,24.8855,42.06107,0.99349,0.06112,0.05206,0.27045,0.18556,0,0,0,0,-0.11666,0,0,0.11666,0,0,0,0,1,0.25219,0.41667
1,1,72,365,10,273.51758,55.43819,0,508.03553,1.10876,0,12.39111,93.95653,486.68094,0,0.47621,0.33941,0,274.12759,2259.46997,579.17695,2.75,24.8855,42.06107,0.32861,0.11348,0.09667,0.27548,0.18901,0,0,0,0,-0.10829,0,0,0.10829,0,0,0,0,1,0.24556,0.13785
1,1,73,365,10,272.88055,24.39792,0,355.29291,0.48796,0,8.66568,64.48828,465.39584,0,0.47621,0.33941,0,272.92498,2277.91764,579.62413,2.75,24.8855,42.06107,0.55029,0.04895,0.0417,0.19265,0.13218,0,0,0,0,-0.06903,0,0,0.06903,0,0,0,0,1,0.2393,0.26983
1,1,74,365,10,272.53265,42.41458,0,419.26719,0.84829,0,10.22603,71.0362,450.61243,0,0.47621,0.33941,0,257.13962,2291.97894,580.03359,2.75,24.8855,42.06107,0.44894,0.08561,0.07292,0.22734,0.15598,0,0,0,0,-0.07736,0,0,0.07736,0,0,0,0,1,0.23594,0.22052
1,1,75,365,10,274.35508,58.73416,0,497.82917,1.17468,0,12.14217,94.31346,461.76393,0,0.47621,0.33941,0,252.04322,2302.61471,580.40342,2.75,24.8855,42.06107,0.41702,0.10193,0.08683,0.26995,0.18521,0,0,0,0,-0.1194,0,0,0.1194,0,0,0,0,1,0.25404,0.17207
1,1,76,365,10,271.30076,33.25054,0,390.44092,0.66501,0,9.52295,106.52976,485.417,0,0.47621,0.33941,0,263.3842,2310.67953,580.66694,2.75,24.8855,42.06107,0.23468,0.06865,0.05848,0.2117,0.14525,0,0,0,0,-0.0596,0,0,0.0596,0,0,0,0,1,0.22445,0.10274
1,1,77,365,10,275.31328,28.09982,0,312.04493,0.562,0,7.61085,96.80326,484.79871,0,0.47621,0.33941,0,268.17275,2320.80021,580.95866,2.75,24.8855,42.06107,0.19748,0.05852,0.04985,0.16921,0.1161,0,0,0,0,-0.08523,0,0,0.08523,0,0,0,0,1,0.2641,0.07595
1,1,78,365,10,275.11698,33.99667,0,367.63213,0.67993,0,8.96664,72.47674,461.40191,0,0.47621,0.33941,0,263.2214,2334.39181,581.36163,2.75,24.8855,42.06107,0.28585,0.06981,0.05947,0.19936,0.13678,0,0,0,0,-0.09782,0,0,0.09782,0,0,0,0,1,0.26201,0.12385
1,1,79,365,10,274.17873,55.70729,0,531.28572,1.11415,0,12.95819,45.59529,386.53256,0,0.47621,0.33941,0,221.93667,2349.22267,582.10046,2.75,24.8855,42.06107,0.44462,0.11211,0.0955,0.28809,0.19766,0,0,0,0,-0.12434,0,0,0.12434,0,0,0,0,1,0.25223,0.24332
1,1,80,365,10,274.65033,40.36482,0,447.76504,0.8073,0,10.9211,84.07333,406.30854,0,0.47621,0.33941,0,217.47246,2349.41927,582.41962,2.75,24.8855,42.06107,0.24141,0.08324,0.07091,0.2428,0.16659,0,0,0,0,-0.11185,0,0,0.11185,0,0,0,0,1,0.2571,0.10715
1,1,81,365,10,272.86724,67.74991,0,602.63199,1.355,0,14.69834,71.05501,386.2918,0,0.47621,0.33941,0,211.20863,2348.76721,582.9618,2.75,24.8855,42.06107,0.6719,0.13501,0.115,0.32676,0.22419,0,0,0,0,-0.11686,0,0,0.11686,0,0,0,0,1,0.23917,0.34465
1,1,82,365,10,271.95911,60.45891,0,582.98811,1.20918,0,14.21922,76.48219,392.29648,0,0.47621,0.33941,0,214.11389,2346.78493,583.43697,2.75,24.8855,42.06107,1.32166,0.11884,0.10123,0.31611,0.21688,0,0,0,0,-0.09861,0,0,0.09861,0,0,0,0,1,0.23052,0.68134
1,1,83,365,10,271.69435,64.78033,0,556.05496,1.29561,0,13.56232,101.89272,401.1569,0,0.47621,0.33941,0,207.46553,2344.09716,583.89969,2.75,24.8855,42.06107,0.22802,0.1336,0.11381,0.3015,0.20686,0,0,0,0,-0.09028,0,0,0.09028,0,0,0,0,1,0.22806,0.10695
1,1,84,365,10,271.32786,68.85861,0,732.82438,1.37717,0,17.87377,68.11728,371.00568,0,0.47621,0.33941,0,204.27361,2341.25061,584.56531,2.75,24.8855,42.06107,0.63425,0.13709,0.11678,0.39734,0.27262,0,0,0,0,-0.11234,0,0,0.11234,0,0,0,0,1,0.2247,0.35636
1,1,85,365,10,270.0956,60.13461,0,681.85963,1.20269,0,16.63072,87.13898,390.88491,0,0.47621,0.33941,0,210.19415,2336.52886,585.04178,2.75,24.8855,42.06107,1.03008,0.11856,0.10099,0.3697,0.25365,0,0,0,0,-0.08556,0,0,0.08556,0,0,0,0,1,0.21374,0.54949
1,1,86,365,10,275.4132,56.91092,0,665.9787,1.13822,0,16.24338,89.48361,392.66025,0,0.47621,0.33941,0,210.77481,2334.26477,585.56725,2.75,24.8855,42.06107,1.29699,0.09524,0.08113,0.36114,0.24778,0,0,0,0,-0.18433,0,0,0.18433,0,0,0,0,1,0.26518,0.55102
1,1,87,365,10,272.69723,68.04636,0,751.02372,1.36093,0,18.31765,108.72874,399.80635,0,0.47621,0.33941,0,205.72835,2331.23578,586.11087,2.75,24.8855,42.06107,0.64827,0.13632,0.11612,0.40722,0.2794,0,0,0,0,-0.14201,0,0,0.14201,0,0,0,0,1,0.23752,0.28474
1,1,88,365,10,274.26855,43.89812,0,591.49747,0.87796,0,14.42677,88.23471,423.11948,0,0.47621,0.33941,0,235.01882,2333.95071,586.50392,2.75,24.8855,42.06107,1.11581,0.08676,0.0739,0.32074,0.22006,0,0,0,0,-0.14018,0,0,0.14018,0,0,0,0,1,0.25315,0.48469
1,1,89,365,10,274.501,66.64203,0,653.9719,1.33284,0,15.95053,119.59006,447.51802,0,0.47621,0.33941,0,234.68303,2339.8638,586.92107,2.75,24.8855,42.06107,0.22481,0.1185,0.10094,0.35462,0.24331,0,0,0,0,-0.16004,0,0,0.16004,0,0,0,0,1,0.25555,0.08486
1,1,90,365,10,274.86604,66.5167,0,697.64152,1.33033,0,17.01565,128.28703,472.40614,0,0.47621,0.33941,0,247.05515,2349.10679,587.39145,2.75,24.8855,42.06107,0.47931,0.11549,0.09838,0.37831,0.25956,0,0,0,0,-0.17945,0,0,0.17945,0,0,0,0,1,0.25936,0.16966
1,1,91,365,10,274.17473,30.82005,0,498.75185,0.6164,0,12.16468,88.37382,478.46484,0,0.47621,0.33941,0,272.92259,2362.26787,587.81582,2.75,24.8855,42.06107,1.00722,0.06112,0.05206,0.27045,0.18556,0,0,0,0,-0.11666,0,0,0.11666,0,0,0,0,1,0.25219,0.41667
1,1,92,365,10,273.51758,55.43819,0,508.03553,1.10876,0,12.39111,93.95653,486.68094,0,0.47621,0.33941,0,274.12759,2375.99654,588.2225,2.75,24.8855,42.06107,0.33293,0.11348,0.09667,0.27548,0.18901,0,0,0,0,-0.10829,0,0,0.10829,0,0,0,0,1,0.24556,0.13785
1,1,93,365,10,272.88055,24.39792,0,355.29291,0.48796,0,8.66568,64.48828,465.39584,0,0.47621,0.33941,0,272.92499,2391.46541,588.67263,2.75,24.8855,42.06107,0.55832,0.04895,0.0417,0.19265,0.13218,0,0,0,0,-0.06903,0,0,0.06903,0,0,0,0,1,0.2393,0.26983
1,1,94,365,10,272.53265,42.41458,0,419.26719,0.84829,0,10.22603,71.0362,450.61244,0,0.47621,0.33941,0,257.13962,2402.74098,589.08479,2.75,24.8855,42.06107,0.45525,0.08561,0.07292,0.22734,0.15598,0,0,0,0,-0.07736,0,0,0.07736,0,0,0,0,1,0.23594,0.22052
1,1,95,365,10,274.35508,58.73416,0,497.82917,1.17468,0,12.14217,94.31346,461.76393,0,0.47621,0.33941,0,252.04322,2410.81493,589.45704,2.75,24.8855,42.06107,0.42219,0.10193,0.08683,0.26995,0.18521,0,0,0,0,-0.1194,0,0,0.1194,0,0,0,0,1,0.25404,0.17207
1,1,96,365,10,271.30076,33.25054,0,390.44092,0.66501,0,9.52295,106.52976,485.41701,0,0.47621,0.33941,0,263.3842,2417.116,589.7222,2.75,24.8855,42.06107,0.23737,0.06865,0.05848,0.2117,0.14525,0,0,0,0,-0.0596,0,0,0.0596,0,0,0,0,1,0.22445,0.10274
1,1,97,365,10,275.31328,28.09982,0,312.04493,0.562,0,7.61085,96.80326,484.79871,0,0.47621,0.33941,0,268.17275,2425.39835,590.01559,2.75,24.8855,42.06107,0.19978,0.05852,0.04985,0.16921,0.1161,0,0,0,0,-0.08523,0,0,0.08523,0,0,0,0,1,0.2641,0.07595
1,1,98,365,10,275.11698,33.99667,0,367.63213,0.67993,0,8.96664,72.47674,461.40192,0,0.47621,0.33941,0,263.2214,2436.50868,590.42077,2.75,24.8855,42.06107,0.28948,0.06981,0.05947,0.19936,0.13678,0,0,0,0,-0.09782,0,0,0.09782,0,0,0,0,1,0.26201,0.12385
1,1,99,365,10,274.17873,55.70729,0,531.28572,1.11415,0,12.95819,45.59529,386.53256,0,0.47621,0.33941,0,221.93667,2446.5101,591.16373,2.75,24.8855,42.06107,0.45116,0.11211,0.0955,0.28809,0.19766,0,0,0,0,-0.12434,0,0,0.12434,0,0,0,0,1,0.25223,0.24332
1,1,100,365,10,274.65033,40.36482,0,447.76504,0.8073,0,10.9211,84.07333,406.30854,0,0.47621,0.33941,0,217.47246,2444.39453,591.48478,2.75,24.8855,42.06107,0.24428,0.08324,0.07091,0.2428,0.16659,0,0,0,0,-0.11185,0,0,0.11185,0,0,0,0,1,0.2571,0.10715
1,1,101,365,10,272.86724,67.74991,0,602.63199,1.355,0,14.69834,71.05501,386.2918,0,1.40122,2.70872,0,211.20863,2439.89535,592.02996,27.18406,186.595,45.15151,0.68013,0.13501,0.115,0.32676,0.22419,0,0,0,0,-0.11686,0,0,0.11686,0,0,0,0,1,0.23917,0.34465
1,1,102,365,10,271.95911,60.45891,0,582.98811,1.20918,0,14.21922,76.48219,392.29648,0,1.40122,2.70872,0,214.11389,2434.59923,592.50756,27.18406,186.595,45.15151,1.33677,0.11884,0.10123,0.31611,0.21688,0,0,0,0,-0.09861,0,0,0.09861,0,0,0,0,1,0.23052,0.68134
1,1,103,365,10,271.69435,64.78033,0,556.05496,1.29561,0,13.56232,101.89272,401.1569,0,1.40122,2.70872,0,207.46553,2428.7696,592.97247,27.18406,186.595,45.15151,0.23029,0.1336,0.11381,0.3015,0.20686,0,0,0,0,-0.09028,0,0,0.09028,0,0,0,0,1,0.22806,0.10695
1,1,104,365,10,271.32786,68.85861,0,732.82438,1.37717,0,17.87377,68.11728,371.00568,0,1.40122,2.70872,0,204.27361,2421.62937,593.64083,27.18406,186.595,45.15151,0.6413,0.13709,0.11678,0.39734,0.27262,0,0,0,0,-0.11234,0,0,0.11234,0,0,0,0,1,0.2247,0.35636
1,1,105,365,10,270.0956,60.13461,0,681.85963,1.20269,0,16.63072,87.13898,390.88491,0,1.40122,2.70872,0,210.19415,2413.85073,594.11907,27.18406,186.595,45.15151,1.04003,0.11856,0.10099,0.3697,0.25365,0,0,0,0,-0.08556,0,0,0.08556,0,0,0,0,1,0.21374,0.54949
1,1,106,365,10,275.4132,56.91092,0,665.9787,1.13822,0,16.24338,89.48361,392.66025,0,1.40122,2.70872,0,210.77481,2408.45648,594.6462,27.18406,186.595,45.15151,1.30887,0.09524,0.08113,0.36114,0.24778,0,0,0,0,-0.18433,0,0,0.18433,0,0,0,0,1,0.26518,0.55102
1,1,107,365,10,272.69723,68.04636,0,751.02372,1.36093,0,18.31765,108.72874,399.80635,0,1.40122,2.70872,0,205.72835,2402.29482,595.19129,27.18406,186.595,45.15151,0.65353,0.13632,0.11612,0.40722,0.2794,0,0,0,0,-0.14201,0,0,0.14201,0,0,0,0,1,0.23752,0.28474
1,1,108,365,10,274.26855,43.89812,0,591.49747,0.87796,0,14.42677,88.23471,423.11948,0,1.40122,2.70872,0,235.01882,2402.98106,595.58519,27.18406,186.595,45.15151,1.12509,0.08676,0.0739,0.32074,0.22006,0,0,0,0,-0.14018,0,0,0.14018,0,0,0,0,1,0.25315,0.48469
1,1,109,365,10,274.501,66.64203,0,653.9719,1.33284,0,15.95053,119.59006,447.51802,0,1.40122,2.70872,0,234.68303,2406.92727,596.00308,27.18406,186.595,45.15151,0.2264,0.1185,0.10094,0.35462,0.24331,0,0,0,0,-0.16004,0,0,0.16004,0,0,0,0,1,0.25555,0.08486
1,1,110,365,10,274.86604,66.5167,0,697.64152,1.33033,0,17.01565,128.28703,472.40614,0,1.40122,2.70872,0,247.05515,2414.10624,596.47414,27.18406,186.595,45.15151,0.48244,0.11549,0.09838,0.37831,0.25956,0,0,0,0,-0.17945,0,0,0.17945,0,0,0,0,1,0.25936,0.16966
1,1,111,365,10,274.17473,30.82005,0,498.75185,0.6164,0,12.16468,88.37382,478.46484,0,1.40122,2.70872,0,272.92259,2425.61731,596.89898,27.18406,186.595,45.15151,1.01451,0.06112,0.05206,0.27045,0.18556,0,0,0,0,-0.11666,0,0,0.11666,0,0,0,0,1,0.25219,0.41667
1,1,112,365,10,273.51758,55.43819,0,508.03553,1.10876,0,12.39111,93.95653,486.68094,0,1.40122,2.70872,0,274.12759,2437.86049,597.30602,27.18406,186.595,45.15151,0.33522,0.11348,0.09667,0.27548,0.18901,0,0,0,0,-0.10829,0,0,0.10829,0,0,0,0,1,0.24556,0.13785
1,1,113,365,10,272.88055,24.39792,0,355.29291,0.48796,0,8.66568,64.48828,465.39584,0,1.40122,2.70872,0,272.92499,2451.74791,597.75647,27.18406,186.595,45.15151,0.56258,0.04895,0.0417,0.19265,0.13218,0,0,0,0,-0.06903,0,0,0.06903,0,0,0,0,1,0.2393,0.26983
1,1,114,365,10,272.53265,42.41458,0,419.26719,0.84829,0,10.22603,71.0362,450.61244,0,1.40122,2.70872,0,257.13962,2461.54454,598.16887,27.18406,186.595,45.15151,0.45861,0.08561,0.07292,0.22734,0.15598,0,0,0,0,-0.07736,0,0,0.07736,0,0,0,0,1,0.23594,0.22052
1,1,115,365,10,274.35508,58.73416,0,497.82917,1.17468,0,12.14217,94.31346,461.76393,0,1.40122,2.70872,0,252.04322,2468.25841,598.54128,27.18406,186.595,45.15151,0.42495,0.10193,0.08683,0.26995,0.18521,0,0,0,0,-0.1194,0,0,0.1194,0,0,0,0,1,0.25404,0.17207
1,1,116,365,10,271.30076,33.25054,0,390.44092,0.66501,0,9.52295,106.52976,485.41701,0,1.40122,2.70872,0,263.3842,2473.62311,598.80652,27.18406,186.595,45.15151,0.2388,0.06865,0.05848,0.2117,0.14525,0,0,0,0,-0.0596,0,0,0.0596,0,0,0,0,1,0.22445,0.10274
1,1,117,365,10,275.31328,28.09982,0,312.04493,0.562,0,7.61085,96.80326,484.79871,0,1.40122,2.70872,0,268.17275,2480.92949,599.09996,27.18406,186.595,45.15151,0.201,0.05852,0.04985,0.16921,0.1161,0,0,0,0,-0.08523,0,0,0.08523,0,0,0,0,1,0.2641,0.07595
1,1,118,365,10,275.11698,33.99667,0,367.63213,0.67993,0,8.96664,72.47674,461.40192,0,1.40122,2.70872,0,263.2214,2490.72252,599.50516,27.18406,186.595,45.15151,0.29141,0.06981,0.05947,0.19936,0.13678,0,0,0,0,-0.09782,0,0,0.09782,0,0,0,0,1,0.26201,0.12385
1,1,119,365,10,274.17873,55.70729,0,531.28572,1.11415,0,12.95819,45.59529,386.53256,0,1.40122,2.70872,0,221.93667,2498.15999,600.24798,27.18406,186.595,45.15151,0.45463,0.11211,0.0955,0.28809,0.19766,0,0,0,0,-0.12434,0,0,0.12434,0,0,0,0,1,0.25223,0.24332
1,1,120,365,10,274.65033,40.36482,0,447.76504,0.8073,0,10.9211,84.07333,406.30854,0,1.40122,2.70872,0,217.47246,2494.81688,600.56887,27.18406,186.595,45.15151,0.2458,0.08324,0.07091,0.2428,0.16659,0,0,0,0,-0.11185,0,0,0.11185,0,0,0,0,1,0.2571,0.10715
1,1,121,365,10,272.86724,67.74991,0,602.63199,1.355,0,14.69834,71.05501,386.2918,0,1.40122,2.70872,0,211.20863,2488.27526,601.11365,27.18406,186.595,45.15151,0.6845,0.13501,0.115,0.32676,0.22419,0,0,0,0,-0.11686,0,0,0.11686,0,0,0,0,1,0.23917,0.34465
1,1,122,365,10,271.95911,60.45891,0,582.98811,1.20918,0,14.21922,76.48219,392.29648,0,1.40122,2.70872,0,214.11389,2481.21983,601.59078,27.18406,186.595,45.15151,1.3448,0.11884,0.10123,0.31611,0.21688,0,0,0,0,-0.09861,0,0,0.09861,0,0,0,0,1,0.23052,0.68134
1,1,123,365,10,271.69435,64.78033,0,556.05496,1.29561,0,13.56232,101.89272,401.1569,0,1.40122,2.70872,0,207.46553,2473.72218,602.05509,27.18406,186.595,45.15151,0.23149,0.1336,0.11381,0.3015,0.20686,0,0,0,0,-0.09028,0,0,0.09028,0,0,0,0,1,0.22806,0.10695
1,1,124,365,10,271.32786,68.85861,0,732.82438,1.37717,0,17.87377,68.11728,371.00568,0,1.40122,2.70872,0,204.27361,2464.30245,602.72241,27.18406,186.595,45.15151,0.64504,0.13709,0.11678,0.39734,0.27262,0,0,0,0,-0.11234,0,0,0.11234,0,0,0,0,1,0.2247,0.35636
1,1,125,365,10,270.0956,60.13461,0,681.85963,1.20269,0,16.63072,87.13898,390.88491,0,1.40122,2.70872,0,210.19415,2454.90091,603.19974,27.18406,186.595,45.15151,1.04531,0.11856,0.10099,0.3697,0.25365,0,0,0,0,-0.08556,0,0,0.08556,0,0,0,0,1,0.21374,0.54949
1,1,126,365,10,275.4132,56.91092,0,665.9787,1.13822,0,16.24338,89.48361,392.66025,0,1.40122,2.70872,0,210.77481,2447.84485,603.72576,27.18406,186.595,45.15151,1.31518,0.09524,0.08113,0.36114,0.24778,0,0,0,0,-0.18433,0,0,0.18433,0,0,0,0,1,0.26518,0.55102
1,1,127,365,10,272.69723,68.04636,0,751.02372,1.36093,0,18.31765,108.72874,399.80635,0,1.40122,2.70872,0,205.72835,2440.02005,604.26957,27.18406,186.595,45.15151,0.65633,0.13632,0.11612,0.40722,0.2794,0,0,0,0,-0.14201,0,0,0.14201,0,0,0,0,1,0.23752,0.28474
1,1,128,365,10,274.26855,43.89812,0,591.49747,0.87796,0,14.42677,88.23471,423.11948,0,1.40122,2.70872,0,235.01882,2439.62926,604.66254,27.18406,186.595,45.15151,1.13002,0.08676,0.0739,0.32074,0.22006,0,0,0,0,-0.14018,0,0,0.14018,0,0,0,0,1,0.25315,0.48469
1,1,129,365,10,274.501,66.64203,0,653.9719,1.33284,0,15.95053,119.59006,447.51802,0,1.40122,2.70872,0,234.68303,2442.53127,605.07943,27.18406,186.595,45.15151,0.22725,0.1185,0.10094,0.35462,0.24331,0,0,0,0,-0.16004,0,0,0.16004,0,0,0,0,1,0.25555,0.08486
1,1,130,365,10,274.86604,66.5167,0,697.64152,1.33033,0,17.01565,128.28703,472.40614,0,1.40122,2.70872,0,247.05515,2448.61444,605.54935,27.18406,186.595,45.15151,0.4841,0.11549,0.09838,0.37831,0.25956,0,0,0,0,-0.17945,0,0,0.17945,0,0,0,0,1,0.25936,0.16966
1,1,131,365,10,274.17473,30.82005,0,498.75185,0.6164,0,12.16468,88.37382,478.46484,0,1.40122,2.70872,0,272.92259,2459.24953,605.97321,27.18406,186.595,45.15151,1.01839,0.06112,0.05206,0.27045,0.18556,0,0,0,0,-0.11666,0,0,0.11666,0,0,0,0,1,0.25219,0.41667
1,1,132,365,10,273.51758,55.43819,0,508.03553,1.10876,0,12.39111,93.95653,486.68094,0,1.40122,2.70872,0,274.12759,2470.70405,606.37931,27.18406,186.595,45.15151,0.33644,0.11348,0.09667,0.27548,0.18901,0,0,0,0,-0.10829,0,0,0.10829,0,0,0,0,1,0.24556,0.13785
1,1,133,365,10,272.88055,24.39792,0,355.29291,0.48796,0,8.66568,64.48828,465.39584,0,1.40122,2.70872,0,272.92499,2483.75188,606.82869,27.18406,186.595,45.15151,0.56485,0.04895,0.0417,0.19265,0.13218,0,0,0,0,-0.06903,0,0,0.06903,0,0,0,0,1,0.2393,0.26983
1,1,134,365,10,272.53265,42.41458,0,419.26719,0.84829,0,10.22603,71.0362,450.61244,0,1.40122,2.70872,0,257.13962,2492.76334,607.24003,27.18406,186.595,45.15151,0.46039,0.08561,0.07292,0.22734,0.15598,0,0,0,0,-0.07736,0,0,0.07736,0,0,0,0,1,0.23594,0.22052
1,1,135,365,10,274.35508,58.73416,0,497.82917,1.17468,0,12.14217,94.31346,461.76393,0,1.40122,2.70872,0,252.04322,2498.75515,607.61141,27.18406,186.595,45.15151,0.42641,0.10193,0.08683,0.26995,0.18521,0,0,0,0,-0.1194,0,0,0.1194,0,0,0,0,1,0.25404,0.17207
1,1,136,365,10,271.30076,33.25054,0,390.44092,0.66501,0,9.52295,106.52976,485.41701,0,1.40122,2.70872,0,263.3842,2503.62273,607.8759,27.18406,186.595,45.15151,0.23956,0.06865,0.05848,0.2117,0.14525,0,0,0,0,-0.0596,0,0,0.0596,0,0,0,0,1,0.22445,0.10274
1,1,137,365,10,275.31328,28.09982,0,312.04493,0.562,0,7.61085,96.80326,484.79871,0,1.40122,2.70872,0,268.17275,2510.41097,608.16854,27.18406,186.595,45.15151,0.20165,0.05852,0.04985,0.16921,0.1161,0,0,0,0,-0.08523,0,0,0.08523,0,0,0,0,1,0.2641,0.07595
1,1,138,365,10,275.11698,33.99667,0,367.63213,0.67993,0,8.96664,72.47674,461.40192,0,1.40122,2.70872,0,263.2214,2519.50464,608.5726,27.18406,186.595,45.15151,0.29244,0.06981,0.05947,0.19936,0.13678,0,0,0,0,-0.09782,0,0,0.09782,0,0,0,0,1,0.26201,0.12385
1,1,139,365,10,274.17873,55.70729,0,531.28572,1.11415,0,12.95819,45.59529,386.53256,0,1.40122,2.70872,0,221.93667,2525.58091,609.31303,27.18406,186.595,45.15151,0.45648,0.11211,0.0955,0.28809,0.19766,0,0,0,0,-0.12434,0,0,0.12434,0,0,0,0,1,0.25223,0.24332
1,1,140,365,10,274.65033,40.36482,0,447.76504,0.8073,0,10.9211,84.07333,406.30854,0,1.40122,2.70872,0,217.47246,2521.5861,609.63269,27.18406,186.595,45.15151,0.24661,0.08324,0.07091,0.2428,0.16659,0,0,0,0,-0.11185,0,0,0.11185,0,0,0,0,1,0.2571,0.10715
1,1,141,365,10,272.86724,67.74991,0,602.63199,1.355,0,14.69834,71.05501,386.2918,0,1.40122,2.70872,0,211.20863,2513.96015,610.1753,27.18406,186.595,45.15151,0.68683,0.13501,0.115,0.32676,0.22419,0,0,0,0,-0.11686,0,0,0.11686,0,0,0,0,1,0.23917,0.34465
1,1,142,365,10,271.95911,60.45891,0,582.98811,1.20918,0,14.21922,76.48219,392.29648,0,1.40122,2.70872,0,214.11389,2505.9707,610.6504,27.18406,186.595,45.15151,1.34907,0.11884,0.10123,0.31611,0.21688,0,0,0,0,-0.09861,0,0,0.09861,0,0,0,0,1,0.23052,0.68134
1,1,143,365,10,271.69435,64.78033,0,556.05496,1.29561,0,13.56232,101.89272,401.1569,0,1.40122,2.70872,0,207.46553,2497.58751,611.11266,27.18406,186.595,45.15151,0.23213,0.1336,0.11381,0.3015,0.20686,0,0,0,0,-0.09028,0,0,0.09028,0,0,0,0,1,0.22806,0.10695
1,1,144,365,10,271.32786,68.85861,0,732.82438,1.37717,0,17.87377,68.11728,371.00568,0,1.40122,2.70872,0,204.27361,2486.95758,611.77695,27.18406,186.595,45.15151,0.64704,0.13709,0.11678,0.39734,0.27262,0,0,0,0,-0.11234,0,0,0.11234,0,0,0,0,1,0.2247,0.35636
1,1,145,365,10,270.0956,60.13461,0,681.85963,1.20269,0,16.63072,87.13898,390.88491,0,1.40122,2.70872,0,210.19415,2476.69444,612.25195,27.18406,186.595,45.15151,1.04813,0.11856,0.10099,0.3697,0.25365,0,0,0,0,-0.08556,0,0,0.08556,0,0,0,0,1,0.21374,0.54949
1,1,146,365,10,275.4132,56.91092,0,665.9787,1.13822,0,16.24338,89.48361,392.66025,0,1.40122,2.70872,0,210.77481,2468.75614,612.77542,27.18406,186.595,45.15151,1.31854,0.09524,0.08113,0.36114,0.24778,0,0,0,0,-0.18433,0,0,0.18433,0,0,0,0,1,0.26518,0.55102
1,1,147,365,10,272.69723,68.04636,0,751.02372,1.36093,0,18.31765,108.72874,399.80635,0,1.40122,2.70872,0,205.72835,2460.04838,613.3165,27.18406,186.595,45.15151,0.65782,0.13632,0.11612,0.40722,0.2794,0,0,0,0,-0.14201,0,0,0.14201,0,0,0,0,1,0.23752,0.28474
1,1,148,365,10,274.26855,43.89812,0,591.49747,0.87796,0,14.42677,88.23471,423.11948,0,1.40122,2.70872,0,235.01882,2459.08579,613.70758,27.18406,186.595,45.15151,1.13265,0.08676,0.0739,0.32074,0.22006,0,0,0,0,-0.14018,0,0,0.14018,0,0,0,0,1,0.25315,0.48469
1,1,149,365,10,274.501,66.64203,0,653.9719,1.33284,0,15.95053,119.59006,447.51802,0,1.40122,2.70872,0,234.68303,2461.43342,614.12258,27.18406,186.595,45.15151,0.2277,0.1185,0.10094,0.35462,0.24331,0,0,0,0,-0.16004,0,0,0.16004,0,0,0,0,1,0.25555,0.08486
1,1,150,365,10,274.86604,66.5167,0,697.64152,1.33033,0,17.01565,128.28703,472.40614,0,1.40122,2.70872,0,247.05515,2466.93484,614.59041,27.18406,186.595,45.15151,0.48499,0.11549,0.09838,0.37831,0.25956,0,0,0,0,-0.17945,0,0,0.17945,0,0,0,0,1,0.25936,0.16966
1,1,151,365,10,274.17473,30.82005,0,498.75185,0.6164,0,12.16468,88.37382,478.46484,0,1.40122,2.70872,0,272.92259,2477.10486,615.01253,27.18406,186.595,45.15151,1.02045,0.06112,0.05206,0.27045,0.18556,0,0,0,0,-0.11666,0,0,0.11666,0,0,0,0,1,0.25219,0.41667
1,1,152,365,10,273.51758,55.43819,0,508.03553,1.10876,0,12.39111,93.95653,486.68094,0,1.40122,2.70872,0,274.12759,2488.14069,615.417,27.18406,186.595,45.15151,0.33709,0.11348,0.09667,0.27548,0.18901,0,0,0,0,-0.10829,0,0,0.10829,0,0,0,0,1,0.24556,0.13785
1,1,153,365,10,272.88055,24.39792,0,355.29291,0.48796,0,8.66568,64.48828,465.39584,0,1.40122,2.70872,0,272.92499,2500.74279,615.86459,27.18406,186.595,45.15151,0.56606,0.04895,0.0417,0.19265,0.13218,0,0,0,0,-0.06903,0,0,0.06903,0,0,0,0,1,0.2393,0.26983
1,1,154,365,10,272.53265,42.41458,0,419.26719,0.84829,0,10.22603,71.0362,450.61244,0,1.40122,2.70872,0,257.13962,2509.33739,616.27418,27.18406,186.595,45.15151,0.46134,0.08561,0.07292,0.22734,0.15598,0,0,0,0,-0.07736,0,0,0.07736,0,0,0,0,1,0.23594,0.22052
1,1,155,365,10,274.35508,58.73416,0,497.82917,1.17468,0,12.14217,94.31346,461.76393,0,1.40122,2.70872,0,252.04322,2514.94587,616.6439,27.18406,186.595,45.15151,0.42719,0.10193,0.08683,0.26995,0.18521,0,0,0,0,-0.1194,0,0,0.1194,0,0,0,0,1,0.25404,0.17207
1,1,156,365,10,271.30076,33.25054,0,390.44092,0.66501,0,9.52295,106.52976,485.41701,0,1.40122,2.70872,0,263.3842,2519.54952,616.90722,27.18406,186.595,45.15151,0.23996,0.06865,0.05848,0.2117,0.14525,0,0,0,0,-0.0596,0,0,0.0596,0,0,0,0,1,0.22445,0.10274
1,1,157,365,10,275.31328,28.09982,0,312.04493,0.562,0,7.61085,96.80326,484.79871,0,1.40122,2.70872,0,268.17275,2526.06268,617.1986,27.18406,186.595,45.15151,0.202,0.05852,0.04985,0.16921,0.1161,0,0,0,0,-0.08523,0,0,0.08523,0,0,0,0,1,0.2641,0.07595
1,1,158,365,10,275.11698,33.99667,0,367.63213,0.67993,0,8.96664,72.47674,461.40192,0,1.40122,2.70872,0,263.2214,2534.78506,617.60093,27.18406,186.595,45.15151,0.29298,0.06981,0.05947,0.19936,0.13678,0,0,0,0,-0.09782,0,0,0.09782,0,0,0,0,1,0.26201,0.12385
1,1,159,365,10,274.17873,55.70729,0,531.28572,1.11415,0,12.95819,45.59529,386.53256,0,1.40122,2.70872,0,221.93667,2540.13867,618.3378,27.18406,186.595,45.15151,0.45747,0.11211,0.0955,0.28809,0.19766,0,0,0,0,-0.12434,0,0,0.12434,0,0,0,0,1,0.25223,0.24332
1,1,160,365,10,274.65033,40.36482,0,447.76504,0.8073,0,10.9211,84.07333,406.30854,0,1.40122,2.70872,0,217.47246,2535.79788,618.65566,27.18406,186.595,45.15151,0.24704,0.08324,0.07091,0.2428,0.16659,0,0,0,0,-0.11185,0,0,0.11185,0,0,0,0,1,0.2571,0.10715
1,1,161,365,10,272.86724,67.74991,0,602.63199,1.355,0,14.69834,71.05501,386.2918,0,1.40122,2.70872,0,211.20863,2527.59626,619.19515,27.18406,186.595,45.15151,0.68807,0.13501,0.115,0.32676,0.22419,0,0,0,0,-0.11686,0,0,0.11686,0,0,0,0,1,0.23917,0.34465
1,1,162,365,10,271.95911,60.45891,0,582.98811,1.20918,0,14.21922,76.48219,392.29648,0,1.40122,2.70872,0,214.11389,2519.11094,619.66743,27.18406,186.595,45.15151,1.35134,0.11884,0.10123,0.31611,0.21688,0,0,0,0,-0.09861,0,0,0.09861,0,0,0,0,1,0.23052,0.68134
1,1,163,365,10,271.69435,64.78033,0,556.05496,1.29561,0,13.56232,101.89272,401.1569,0,1.40122,2.70872,0,207.46553,2510.2576,620.12687,27.18406,186.595,45.15151,0.23247,0.1336,0.11381,0.3015,0.20686,0,0,0,0,-0.09028,0,0,0.09028,0,0,0,0,1,0.22806,0.10695
1,1,164,365,10,271.32786,68.85861,0,732.82438,1.37717,0,17.87377,68.11728,371.00568,0,1.40122,2.70872,0,204.27361,2498.98518,620.78709,27.18406,186.595,45.15151,0.6481,0.13709,0.11678,0.39734,0.27262,0,0,0,0,-0.11234,0,0,0.11234,0,0,0,0,1,0.2247,0.35636
1,1,165,365,10,270.0956,60.13461,0,681.85963,1.20269,0,16.63072,87.13898,390.88491,0,1.40122,2.70872,0,210.19415,2488.26462,621.25902,27.18406,186.595,45.15151,1.04963,0.11856,0.10099,0.3697,0.25365,0,0,0,0,-0.08556,0,0,0.08556,0,0,0,0,1,0.21374,0.54949
1,1,166,365,10,275.4132,56.91092,0,665.9787,1.13822,0,16.24338,89.48361,392.66025,0,1.40122,2.70872,0,210.77481,2479.85793,621.77918,27.18406,186.595,45.15151,1.32033,0.09524,0.08113,0.36114,0.24778,0,0,0,0,-0.18433,0,0,0.18433,0,0,0,0,1,0.26518,0.55102
1,1,167,365,10,272.69723,68.04636,0,751.02372,1.36093,0,18.31765,108.72874,399.80635,0,1.40122,2.70872,0,205.72835,2470.68141,622.31677,27.18406,186.595,45.15151,0.65862,0.13632,0.11612,0.40722,0.2794,0,0,0,0,-0.14201,0,0,0.14201,0,0,0,0,1,0.23752,0.28474
1,1,168,365,10,274.26855,43.89812,0,591.49747,0.87796,0,14.42677,88.23471,423.11948,0,1.40122,2.70872,0,235.01882,2469.41526,622.7055,27.18406,186.595,45.15151,1.13405,0.08676,0.0739,0.32074,0.22006,0,0,0,0,-0.14018,0,0,0.14018,0,0,0,0,1,0.25315,0.48469
1,1,169,365,10,274.501,66.64203,0,653.9719,1.33284,0,15.95053,119.59006,447.51802,0,1.40122,2.70872,0,234.68303,2471.46857,623.11811,27.18406,186.595,45.15151,0.22794,0.1185,0.10094,0.35462,0.24331,0,0,0,0,-0.16004,0,0,0.16004,0,0,0,0,1,0.25555,0.08486
1,1,170,365,10,274.86604,66.5167,0,697.64152,1.33033,0,17.01565,128.28703,472.40614,0,1.40122,2.70872,0,247.05515,2476.66114,623.58337,27.18406,186.595,45.15151,0.48546,0.11549,0.09838,0.37831,0.25956,0,0,0,0,-0.17945,0,0,0.17945,0,0,0,0,1,0.25936,0.16966
1,1,171,365,10,274.17473,30.82005,0,498.75185,0.6164,0,12.16468,88.37382,478.46484,0,1.40122,2.70872,0,272.92259,2486.58426,624.00335,27.18406,186.595,45.15151,1.02155,0.06112,0.05206,0.27045,0.18556,0,0,0,0,-0.11666,0,0,0.11666,0,0,0,0,1,0.25219,0.41667
1,1,172,365,10,273.51758,55.43819,0,508.03553,1.10876,0,12.39111,93.95653,486.68094,0,1.40122,2.70872,0,274.12759,2497.3978,624.40583,27.18406,186.595,45.15151,0.33744,0.11348,0.09667,0.27548,0.18901,0,0,0,0,-0.10829,0,0,0.10829,0,0,0,0,1,0.24556,0.13785
1,1,173,365,10,272.88055,24.39792,0,355.29291,0.48796,0,8.66568,64.48828,465.39584,0,1.40122,2.70872,0,272.92499,2509.76326,624.85125,27.18406,186.595,45.15151,0.5667,0.04895,0.0417,0.19265,0.13218,0,0,0,0,-0.06903,0,0,0.06903,0,0,0,0,1,0.2393,0.26983
1,1,174,365,10,272.53265,42.41458,0,419.26719,0.84829,0,10.22603,71.0362,450.61244,0,1.40122,2.70872,0,257.13962,2518.13656,625.25875,27.18406,186.595,45.15151,0.46184,0.08561,0.07292,0.22734,0.15598,0,0,0,0,-0.07736,0,0,0.07736,0,0,0,0,1,0.23594,0.22052
1,1,175,365,10,274.35508,58.73416,0,497.82917,1.17468,0,12.14217,94.31346,461.76393,0,1.40122,2.70872,0,252.04322,2523.54152,625.62648,27.18406,186.595,45.15151,0.4276,0.10193,0.08683,0.26995,0.18521,0,0,0,0,-0.1194,0,0,0.1194,0,0,0,0,1,0.25404,0.17207
1,1,176,365,10,271.30076,33.25054,0,390.44092,0.66501,0,9.52295,106.52976,485.41701,0,1.40122,2.70872,0,263.3842,2528.00505,625.88841,27.18406,186.595,45.15151,0.24018,0.06865,0.05848,0.2117,0.14525,0,0,0,0,-0.0596,0,0,0.0596,0,0,0,0,1,0.22445,0.10274
1,1,177,365,10,275.31328,28.09982,0,312.04493,0.562,0,7.61085,96.80326,484.79871,0,1.40122,2.70872,0,268.17275,2534.37217,626.1783,27.18406,186.595,45.15151,0.20218,0.05852,0.04985,0.16921,0.1161,0,0,0,0,-0.08523,0,0,0.08523,0,0,0,0,1,0.2641,0.07595
1,1,178,365,10,275.11698,33.99667,0,367.63213,0.67993,0,8.96664,72.47674,461.40192,0,1.40122,2.70872,0,263.2214,2542.89744,626.57857,27.18406,186.595,45.15151,0.29327,0.06981,0.05947,0.19936,0.13678,0,0,0,0,-0.09782,0,0,0.09782,0,0,0,0,1,0.26201,0.12385
1,1,179,365,10,274.17873,55.70729,0,531.28572,1.11415,0,12.95819,45.59529,386.53256,0,1.40122,2.70872,0,221.93667,2547.86738,627.31127,27.18406,186.595,45.15151,0.45799,0.11211,0.0955,0.28809,0.19766,0,0,0,0,-0.12434,0,0,0.12434,0,0,0,0,1,0.25223,0.24332
1,1,180,365,10,274.65033,40.36482,0,447.76504,0.8073,0,10.9211,84.07333,406.30854,0,1.40122,2.70872,0,217.47246,2543.34291,627.62705,27.18406,186.595,45.15151,0.24727,0.08324,0.07091,0.2428,0.16659,0,0,0,0,-0.11185,0,0,0.11185,0,0,0,0,1,0.2571,0.10715
1,1,181,365,10,272.86724,67.74991,0,602.63199,1.355,0,14.69834,71.05501,386.2918,0,1.40122,2.70872,0,211.20863,2534.83567,628.16294,27.18406,186.595,45.15151,0.68873,0.13501,0.115,0.32676,0.22419,0,0,0,0,-0.11686,0,0,0.11686,0,0,0,0,1,0.23917,0.34465
1,1,182,365,10,271.95911,60.45891,0,582.98811,1.20918,0,14.21922,76.48219,392.29648,0,1.40122,2.70872,0,214.11389,2526.08709,628.63197,27.18406,186.595,45.15151,1.35256,0.11884,0.10123,0.31611,0.21688,0,0,0,0,-0.09861,0,0,0.09861,0,0,0,0,1,0.23052,0.68134
1,1,183,365,10,271.69435,64.78033,0,556.05496,1.29561,0,13.56232,101.89272,401.1569,0,1.40122,2.70872,0,207.46553,2516.98416,629.08821,27.18406,186.595,45.15151,0.23265,0.1336,0.11381,0.3015,0.20686,0,0,0,0,-0.09028,0,0,0.09028,0,0,0,0,1,0.22806,0.10695
1,1,184,365,10,271.32786,68.85861,0,732.82438,1.37717,0,17.87377,68.11728,371.00568,0,1.40122,2.70872,0,204.27361,2505.37064,629.74383,27.18406,186.595,45.15151,0.64867,0.13709,0.11678,0.39734,0.27262,0,0,0,0,-0.11234,0,0,0.11234,0,0,0,0,1,0.2247,0.35636
1,1,185,365,10,270.0956,60.13461,0,681.85963,1.20269,0,16.63072,87.13898,390.88491,0,1.40122,2.70872,0,210.19415,2494.40723,630.21231,27.18406,186.595,45.15151,1.05043,0.11856,0.10099,0.3697,0.25365,0,0,0,0,-0.08556,0,0,0.08556,0,0,0,0,1,0.21374,0.54949
1,1,186,365,10,275.4132,56.91092,0,665.9787,1.13822,0,16.24338,89.48361,392.66025,0,1.40122,2.70872,0,210.77481,2485.75187,630.72878,27.18406,186.595,45.15151,1.32129,0.09524,0.08113,0.36114,0.24778,0,0,0,0,-0.18433,0,0,0.18433,0,0,0,0,1,0.26518,0.55102
1,1,187,365,10,272.69723,68.04636,0,751.02372,1.36093,0,18.31765,108.72874,399.80635,0,1.40122,2.70872,0,205.72835,2476.32649,631.26249,27.18406,186.595,45.15151,0.65904,0.13632,0.11612,0.40722,0.2794,0,0,0,0,-0.14201,0,0,0.14201,0,0,0,0,1,0.23752,0.28474
1,1,188,365,10,274.26855,43.89812,0,591.49747,0.87796,0,14.42677,88.23471,423.11948,0,1.40122,2.70872,0,235.01882,2474.89917,631.6486,27.18406,186.595,45.15151,1.1348,0.08676,0.0739,0.32074,0.22006,0,0,0,0,-0.14018,0,0,0.14018,0,0,0,0,1,0.25315,0.48469
1,1,189,365,10,274.501,66.64203,0,653.9719,1.33284,0,15.95053,119.59006,447.51802,0,1.40122,2.70872,0,234.68303,2476.79623,632.05861,27.18406,186.595,45.15151,0.22807,0.1185,0.10094,0.35462,0.24331,0,0,0,0,-0.16004,0,0,0.16004,0,0,0,0,1,0.25555,0.08486
1,1,190,365,10,274.86604,66.5167,0,697.64152,1.33033,0,17.01565,128.28703,472.40614,0,1.40122,2.70872,0,247.05515,2481.82483,632.52102,27.18406,186.595,45.15151,0.48572,0.11549,0.09838,0.37831,0.25956,0,0,0,0,-0.17945,0,0,0.17945,0,0,0,0,1,0.25936,0.16966
1,1,191,365,10,274.17473,30.82005,0,498.75185,0.6164,0,12.16468,88.37382,478.46484,0,1.40122,2.70872,0,272.92259,2491.61687,632.93866,27.18406,186.595,45.15151,1.02214,0.06112,0.05206,0.27045,0.18556,0,0,0,0,-0.11666,0,0,0.11666,0,0,0,0,1,0.25219,0.41667
1,1,192,365,10,273.51758,55.43819,0,508.03553,1.10876,0,12.39111,93.95653,486.68094,0,1.40122,2.70872,0,274.12759,2502.3124,633.33899,27.18406,186.595,45.15151,0.33762,0.11348,0.09667,0.27548,0.18901,0,0,0,0,-0.10829,0,0,0.10829,0,0,0,0,1,0.24556,0.13785
1,1,193,365,10,272.88055,24.39792,0,355.29291,0.48796,0,8.66568,64.48828,465.39584,0,1.40122,2.70872,0,272.92499,2514.55222,633.78204,27.18406,186.595,45.15151,0.56705,0.04895,0.0417,0.19265,0.13218,0,0,0,0,-0.06903,0,0,0.06903,0,0,0,0,1,0.2393,0.26983
1,1,194,365,10,272.53265,42.41458,0,419.26719,0.84829,0,10.22603,71.0362,450.61244,0,1.40122,2.70872,0,257.13962,2522.80803,634.18726,27.18406,186.595,45.15151,0.46212,0.08561,0.07292,0.22734,0.15598,0,0,0,0,-0.07736,0,0,0.07736,0,0,0,0,1,0.23594,0.22052
1,1,195,365,10,274.35508,58.73416,0,497.82917,1.17468,0,12.14217,94.31346,461.76393,0,1.40122,2.70872,0,252.04322,2528.10494,634.55285,27.18406,186.595,45.15151,0.42783,0.10193,0.08683,0.26995,0.18521,0,0,0,0,-0.1194,0,0,0.1194,0,0,0,0,1,0.25404,0.17207
1,1,196,365,10,271.30076,33.25054,0,390.44092,0.66501,0,9.52295,106.52976,485.41701,0,1.40122,2.70872,0,263.3842,2532.4941,634.81326,27.18406,186.595,45.15151,0.24029,0.06865,0.05848,0.2117,0.14525,0,0,0,0,-0.0596,0,0,0.0596,0,0,0,0,1,0.22445,0.10274
1,1,197,365,10,275.31328,28.09982,0,312.04493,0.562,0,7.61085,96.80326,484.79871,0,1.40122,2.70872,0,268.17275,2538.78368,635.10155,27.18406,186.595,45.15151,0.20228,0.05852,0.04985,0.16921,0.1161,0,0,0,0,-0.08523,0,0,0.08523,0,0,0,0,1,0.2641,0.07595
1,1,198,365,10,275.11698,33.99667,0,367.63213,0.67993,0,8.96664,72.47674,461.40192,0,1.40122,2.70872,0,263.2214,2547.20429,635.4996,27.18406,186.595,45.15151,0.29343,0.06981,0.05947,0.19936,0.13678,0,0,0,0,-0.09782,0,0,0.09782,0,0,0,0,1,0.26201,0.12385
1,1,199,365,10,274.17873,55.70729,0,531.28572,1.11415,0,12.95819,45.59529,386.53256,0,1.40122,2.70872,0,221.93667,2551.97055,636.22782,27.18406,186.595,45.15151,0.45827,0.11211,0.0955,0.28809,0.19766,0,0,0,0,-0.12434,0,0,0.12434,0,0,0,0,1,0.25223,0.24332
1,1,200,365,10,274.65033,40.36482,0,447.76504,0.8073,0,10.9211,84.07333,406.30854,0,1.40122,2.70872,0,217.47246,2547.34857,636.54138,27.18406,186.595,45.15151,0.24739,0.08324,0.07091,0.2428,0.16659,0,0,0,0,-0.11185,0,0,0.11185,0,0,0,0,1,0.2571,0.10715
