time,aglivc,bglivcj,bglivcm,som2c(1),som3c,somsc,somtc,

1.00,0.0000,142.5000,7.5000,1415.0000,650.0000,2125.0000,2160.0000
1913.00,0.2416,60.8603,91.1584,18.8715,554.2752,925.6797,1067.8710
1913.08,0.2238,57.9536,89.8306,18.8919,554.2750,925.7449,1071.9658
1913.17,0.2094,55.1854,88.5220,18.9939,554.2740,926.0137,1075.3276
1913.25,0.1991,52.6989,87.3092,19.1661,554.2717,926.6140,1076.8409
1913.33,6.7974,53.5633,86.8090,19.3182,554.2675,927.4800,1074.2386
1913.42,33.1858,61.9216,87.5380,19.0066,554.2601,927.0743,1065.2529
1913.50,69.3960,74.8209,89.9512,18.6164,554.2569,926.7846,1065.2678
1913.58,24.9208,75.2595,93.1789,18.4057,554.2504,925.6059,1062.1152
1913.67,24.4645,73.7354,96.5003,18.4395,554.2493,926.3408,1066.7339
1913.75,0.2530,71.0528,97.8249,18.7527,554.2413,925.8914,1062.3027
1913.83,0.2347,68.5316,97.1876,18.8450,554.2382,925.4724,1062.7849
1913.92,0.2163,65.8214,96.0218,18.8671,554.2382,925.5262,1066.2390
1914.00,0.2043,62.6797,94.6240,18.8817,554.2372,925.7379,1070.1072
1914.08,0.1943,59.6861,93.2457,18.9499,554.2363,925.9872,1073.4280
1914.17,0.1847,56.8352,91.8874,19.0574,554.2351,926.3138,1076.4478
1914.25,0.1748,54.4845,90.7347,19.2485,554.2328,927.0774,1076.4116
1914.33,4.3420,54.3397,90.0780,19.3992,554.2307,927.6354,1070.5228
1914.42,29.7629,62.4900,90.5726,19.2134,554.2295,926.8146,1065.6770
1914.50,71.0899,76.2216,93.2670,18.6343,554.2262,925.5389,1061.9602
1914.58,25.2531,80.9202,96.9677,18.4317,554.2238,925.7018,1064.2938
1914.67,23.5735,74.1050,99.8207,18.6275,554.2227,926.7127,1067.6340
1914.75,0.2183,66.0414,99.8245,18.8029,554.2221,927.1792,1075.4672
1914.83,0.2022,61.1194,98.3564,18.9401,554.2209,928.4548,1078.2511
1914.92,0.1875,57.5759,96.6653,19.0132,554.2209,928.7833,1081.8373
1915.00,0.1729,54.8269,95.2577,19.0250,554.2203,928.8743,1085.7950
1915.08,0.1594,52.2084,93.8701,19.0430,554.2205,928.9697,1089.6282
1915.17,0.1481,49.7147,92.5028,19.2085,554.2205,929.7416,1091.8927
1915.25,0.1401,47.4066,91.1936,19.4691,554.2214,931.0878,1092.2703
1915.33,5.2453,47.8087,90.5641,19.7251,554.2284,932.4030,1081.6033
1915.42,26.0767,54.4535,90.7573,19.4748,554.2380,929.3653,1069.1775
1915.50,56.2896,64.6869,91.9142,18.9992,554.2368,924.4653,1058.7421
1915.58,23.0481,75.3070,94.6638,18.9011,554.2346,924.2344,1060.8931
1915.67,26.3394,79.6343,97.2093,19.0674,554.2243,922.2973,1055.8165
1915.75,0.3560,81.6715,98.7627,19.3143,554.2112,920.5414,1052.4689
1915.83,0.3359,78.7956,98.2952,19.4417,554.2019,919.2386,1051.0688
1915.92,0.3129,75.7050,97.2237,19.4777,554.1992,918.9786,1053.8793
1916.00,0.2892,72.0957,95.8101,19.4901,554.1986,919.0403,1058.5826
1916.08,0.2722,68.6524,94.4145,19.5328,554.1978,919.2256,1062.9963
1916.17,0.2587,65.4462,93.0702,19.7081,554.1959,919.7631,1066.1129
1916.25,0.2444,62.9984,92.0812,19.8472,554.1930,920.4473,1066.5504
1916.33,5.4738,62.9857,91.4767,19.9583,554.1900,921.3569,1065.8030
1916.42,30.8120,70.7990,92.0437,19.8330,554.1856,922.0625,1062.1626
1916.50,64.8420,83.6833,94.3325,19.4231,554.1824,922.1434,1060.3597
1916.58,23.2208,87.1504,98.6144,19.1469,554.1811,922.6052,1062.1871
1916.67,23.7604,85.0028,101.8699,19.3990,554.1735,920.2863,1055.9473
1916.75,0.2205,80.1765,103.0455,19.5752,554.1725,920.9016,1059.4951
1916.83,0.2045,77.1755,102.4276,19.6857,554.1705,921.3375,1061.2678
1916.92,0.1910,73.8483,101.0974,19.7490,554.1696,921.6193,1064.7721
1917.00,0.1806,70.3235,99.6257,19.7849,554.1691,921.8815,1068.9891
1917.08,0.1715,66.9648,98.1745,19.8373,554.1690,922.1160,1073.0878
1917.17,0.1626,63.7713,96.7467,19.9418,554.1683,922.5582,1076.2521
1917.25,0.1544,60.8681,95.4057,20.1050,554.1676,923.3788,1078.0221
1917.33,3.7370,60.1536,94.6074,20.2974,554.1674,924.6860,1074.9630
1917.42,22.3091,65.5412,94.5974,20.2246,554.1703,924.1060,1065.5068
1917.50,64.6409,79.3839,96.5813,19.8990,554.1714,923.8646,1064.7197
1917.58,25.1885,88.0277,100.4952,19.6043,554.1724,924.4194,1065.8030
1917.67,28.3695,91.0654,103.6781,19.8395,554.1721,923.2352,1063.0392
1917.75,0.3440,92.6930,105.8012,19.9761,554.1719,924.1271,1067.0092
1917.83,0.3160,89.0313,105.5101,20.1048,554.1717,924.4631,1070.3662
1917.92,0.2904,85.6808,104.3152,20.1517,554.1711,924.7196,1074.5254
1918.00,0.2726,81.6681,102.8257,20.2270,554.1707,925.1425,1078.9318
1918.08,0.2587,77.7833,101.3340,20.3588,554.1700,925.6448,1083.0023
1918.17,0.2459,74.0782,99.8620,20.5334,554.1699,926.2159,1086.6191
1918.25,0.2331,71.2043,98.7234,20.8393,554.1708,927.4008,1086.9095
1918.33,2.7026,69.7349,97.8104,21.1691,554.1750,928.6525,1082.0172
1918.42,28.9479,77.4437,98.5138,21.0527,554.1824,928.5385,1074.8407
1918.50,71.3937,91.5888,102.2272,20.6228,554.1885,926.9078,1068.5074
1918.58,28.5375,99.9807,106.3898,20.9363,554.1860,923.7244,1060.6915
1918.67,32.0143,103.1155,110.7305,21.2000,554.1837,923.8077,1064.5417
1918.75,0.3252,101.8596,112.2336,21.5095,554.1791,924.2061,1065.1710
1918.83,0.2988,97.7975,112.1550,21.6354,554.1788,924.6125,1068.7589
1918.92,0.2745,93.8681,110.8085,21.6729,554.1781,924.7880,1073.8138
1919.00,0.2535,89.3994,109.1997,21.7054,554.1775,925.0467,1079.5387
1919.08,0.2359,85.1296,107.6091,21.7703,554.1770,925.3444,1084.9171
1919.17,0.2192,81.0635,106.0416,21.8926,554.1763,925.7655,1089.9535
1919.25,0.2024,77.5566,104.6512,22.0654,554.1757,926.3782,1094.0421
1919.33,5.8218,77.1805,104.0460,22.4502,554.1755,929.1456,1090.0765
1919.42,32.3167,85.1893,104.8401,22.5274,554.1760,930.0822,1092.0856
1919.50,39.7617,85.7319,107.2285,22.3764,554.1766,931.6359,1096.0504
1919.58,18.3246,93.1690,112.0885,22.1171,554.1886,933.8300,1085.9344
1919.67,21.9929,96.2945,116.7456,22.0384,554.1895,934.5174,1092.3715
1919.75,0.2972,93.4449,119.2320,21.7321,554.2011,934.2437,1083.1576
1919.83,0.2777,90.1018,118.5084,21.6546,554.2044,933.1458,1081.8885
1919.92,0.2560,86.6400,117.1303,21.6324,554.2056,933.2015,1086.1693
1920.00,0.2397,82.5343,115.4377,21.6026,554.2056,933.4178,1091.3691
1920.08,0.2271,78.5925,113.7562,21.6065,554.2062,933.7243,1095.5784
1920.17,0.2102,74.8419,112.1006,21.6328,554.2061,933.9265,1100.3698
1920.25,0.1952,71.6956,110.6710,21.6950,554.2062,934.5006,1103.8308
1920.33,2.0665,69.9152,109.5943,21.7035,554.2120,936.2429,1098.6022
1920.42,27.1457,77.3811,109.9046,21.5216,554.2177,936.7457,1095.7983
1920.50,64.1782,88.6764,112.2514,20.7582,554.2317,936.2408,1086.6898
1920.58,27.2961,97.8217,116.2426,20.7480,554.2375,934.6509,1084.1393
1920.67,28.6500,99.0491,119.7952,20.8797,554.2390,935.4120,1086.9039
1920.75,0.2681,93.9677,121.5257,21.0752,554.2397,936.3263,1090.5067
1920.83,0.2457,90.1173,121.2845,21.1566,554.2393,936.8791,1094.4148
1920.92,0.2262,86.1977,119.6802,21.1780,554.2393,937.0574,1099.5367
1921.00,0.2083,82.0937,117.9425,21.1893,554.2390,937.2090,1105.0834
1921.08,0.1927,78.1729,116.2244,21.2330,554.2389,937.5040,1110.1886
1921.17,0.1827,74.4988,114.5590,21.4187,554.2399,938.5277,1113.1405
1921.25,0.1733,71.7876,113.3369,21.6685,554.2431,940.3423,1110.9554
1921.33,4.6275,71.2027,112.5756,21.7688,554.2498,941.5065,1106.1234
1921.42,31.8559,79.1368,113.3732,21.4913,554.2581,942.1708,1102.0667
1921.50,70.8919,91.1852,116.1430,20.9312,554.2734,938.3255,1089.2976
1921.58,26.9385,98.9057,120.5019,20.7186,554.2750,938.4811,1092.6982
1921.67,27.1700,94.6229,124.4050,20.9433,554.2766,936.7307,1085.0701
1921.75,0.2527,87.7850,126.5236,21.1086,554.2764,936.8636,1088.5660
1921.83,0.2314,83.5835,126.1462,21.1464,554.2755,937.0543,1093.0040
1921.92,0.2118,80.2388,124.6966,21.1587,554.2759,937.1496,1097.7291
1922.00,0.1953,76.4509,122.9015,21.1778,554.2750,937.4243,1103.0448
1922.08,0.1804,72.7995,121.1113,21.1989,554.2747,937.5701,1108.2146
1922.17,0.1662,69.3223,119.3471,21.2380,554.2747,937.7261,1113.2013
1922.25,0.1532,66.4473,117.8637,21.3555,554.2748,938.2190,1116.8182
1922.33,1.4174,64.4317,116.7798,21.6095,554.2750,940.4031,1115.6895
1922.42,8.1775,65.2318,117.0341,21.6542,554.2847,942.7033,1104.7783
1922.50,33.5127,74.4311,119.6190,20.9508,554.2932,942.1599,1100.4194
1922.58,12.1984,69.8368,122.4402,20.5468,554.2981,941.8449,1098.7240
1922.67,18.5549,76.1573,126.1873,20.1948,554.3008,941.4710,1099.7006
1922.75,0.3038,78.5028,128.6663,20.0688,554.3018,941.8659,1104.6361
1922.83,0.2780,74.9132,128.5239,20.0326,554.3019,941.9769,1108.0537
1922.92,0.2612,71.9288,127.0040,19.8259,554.3035,942.6519,1109.1460
1923.00,0.2464,68.5340,125.1762,19.7587,554.3047,943.1095,1112.5530
1923.08,0.2292,65.2796,123.3635,19.7527,554.3046,943.3634,1116.7672
1923.17,0.2115,62.1616,121.5665,19.7716,554.3051,943.5972,1121.1316
1923.25,0.1963,59.3229,119.8753,19.8131,554.3055,944.1759,1124.5562
1923.33,4.0904,58.9172,118.9169,19.8346,554.3065,944.9398,1126.0881
1923.42,29.7283,67.1378,119.2437,19.7036,554.3133,947.6198,1121.7587
1923.50,63.6068,78.3130,121.2379,19.3697,554.3295,948.3488,1113.0563
1923.58,21.5965,76.9976,124.1535,19.4145,554.3323,949.8691,1118.0321
1923.67,20.2866,70.5417,126.2711,19.9181,554.3391,951.4250,1119.5930
1923.75,0.1879,62.8680,125.2591,20.0446,554.3409,951.7614,1128.1316
1923.83,0.1745,58.7407,123.4188,20.1889,554.3458,953.2802,1129.9595
1923.92,0.1655,56.4288,121.9460,20.2955,554.3514,953.8046,1129.1971
1924.00,0.1534,53.7354,120.1707,20.3148,554.3521,953.9227,1132.9987
1924.08,0.1414,51.1689,118.4203,20.3349,554.3536,954.0172,1137.0624
1924.17,0.1311,48.7678,116.7260,20.4805,554.3548,954.4976,1140.2363
1924.25,0.1235,46.4918,115.0652,20.6444,554.3574,955.2863,1142.1719
1924.33,4.9903,46.8842,114.1309,20.7870,554.3626,956.4462,1141.4763
1924.42,28.3721,54.9544,114.2590,20.7792,554.3666,957.5042,1142.1437
1924.50,41.5114,60.6679,115.6317,20.7629,554.3694,958.2723,1144.7264
1924.58,13.8318,54.7218,116.5473,20.6681,554.3771,959.8694,1146.3684
1924.67,12.7087,47.5116,116.6865,20.6472,554.3798,960.5816,1152.9594
1924.75,0.1790,46.4430,116.6250,20.3636,554.4164,962.4841,1137.8132
1924.83,0.1689,44.7275,115.8994,20.1936,554.4383,960.3918,1129.3683
1924.92,0.1593,42.9734,114.5527,20.1369,554.4454,959.5071,1128.6534
1925.00,0.1473,40.9469,112.9054,20.1228,554.4458,959.4771,1131.8281
1925.08,0.1370,38.9913,111.2608,20.1185,554.4470,959.4857,1135.0154
1925.17,0.1263,37.1381,109.6483,20.1346,554.4465,959.5457,1138.0494
1925.25,0.1164,35.6550,108.3402,20.1596,554.4481,959.7128,1140.0283
1925.33,5.8101,36.6796,107.7220,20.1617,554.4592,959.5922,1134.7744
1925.42,35.1415,47.2899,108.1325,19.9367,554.4656,960.1350,1134.0763
1925.50,53.4489,55.8629,109.7895,19.5146,554.4785,960.1108,1130.4319
1925.58,18.5351,52.4168,111.6596,19.6203,554.4936,959.5544,1125.2004
1925.67,19.3288,52.9521,112.9715,19.8891,554.5056,955.2681,1115.3192
1925.75,0.1816,49.9691,113.6843,19.8798,554.5057,955.7578,1117.6252
1925.83,0.1680,48.0176,112.8934,19.7697,554.5061,956.0898,1119.0706
1925.92,0.1552,45.9368,111.4047,19.7427,554.5064,956.1473,1121.9469
1926.00,0.1448,43.7701,109.8023,19.7202,554.5066,956.2864,1125.0127
1926.08,0.1341,41.6796,108.2029,19.7215,554.5066,956.3539,1128.4080
1926.17,0.1237,39.7197,106.6517,19.7561,554.5062,956.5275,1131.3960
1926.25,0.1140,38.1276,105.3570,19.7981,554.5065,956.7772,1133.6417
1926.33,6.5459,39.4470,104.4822,19.8563,554.5074,957.5393,1133.4747
1926.42,30.6331,49.1415,104.8885,19.7040,554.5103,958.8265,1130.2157
1926.50,46.6679,56.4791,106.3762,19.1852,554.5186,958.0358,1120.7170
1926.58,17.0790,56.2376,108.4158,18.8884,554.5218,955.5476,1113.8135
1926.67,22.9940,64.7434,111.1089,18.6561,554.5198,953.4360,1110.4080
1926.75,0.2922,67.3325,112.5445,18.4415,554.5178,952.9942,1110.9697
1926.83,0.2675,64.7464,112.0843,18.3930,554.5168,953.1776,1113.9309
1926.92,0.2449,62.3802,110.8623,18.3679,554.5168,953.2693,1117.4723
1927.00,0.2258,59.5461,109.3279,18.3311,554.5168,953.4300,1121.7266
1927.08,0.2081,56.7049,107.7369,18.3228,554.5166,953.5357,1125.8746
1927.17,0.1918,54.0471,106.1974,18.3319,554.5161,953.7308,1129.7445
1927.25,0.1770,51.7011,104.7953,18.3501,554.5162,954.2053,1132.7939
1927.33,6.6138,52.5905,104.0066,18.3442,554.5162,955.5303,1131.4277
1927.42,31.7440,62.2788,104.7452,18.2796,554.5161,956.2045,1133.6331
1927.50,35.3833,62.8145,105.9277,18.0218,554.5172,958.0178,1133.5111
1927.58,11.9153,56.3428,107.3223,17.8420,554.5181,959.7006,1137.4233
1927.67,11.3177,50.9826,107.6216,17.6633,554.5212,961.7304,1139.3739
1927.75,0.1364,45.6501,107.3791,17.4675,554.5267,963.7480,1139.2095
1927.83,0.1275,42.8628,106.1115,17.3661,554.5343,963.6329,1135.8265
1927.92,0.1176,39.3394,103.5225,17.3122,554.5358,963.8161,1140.7941
1928.00,0.1084,36.0780,100.8719,17.2973,554.5372,963.9064,1146.3707
1928.08,0.0999,33.0870,98.2891,17.2885,554.5375,964.0440,1151.5852
1928.17,0.0921,30.3436,95.7724,17.2884,554.5368,964.2683,1156.3304
1928.25,0.0849,27.9015,93.4116,17.2854,554.5375,964.7420,1160.1757
1928.33,0.1726,25.8437,91.2980,17.2643,554.5391,965.6553,1162.6725
1928.42,14.7089,30.6711,90.9801,16.7226,554.5791,967.3049,1138.1697
1928.50,27.0135,37.4340,91.4742,16.1712,554.5962,964.1590,1129.7236
1928.58,11.1214,39.3118,92.6515,15.5789,554.6105,958.5622,1117.2557
1928.67,10.3342,35.1715,93.6366,15.3622,554.6108,957.7634,1118.3395
1928.75,0.0967,30.8550,93.0176,15.1770,554.6109,958.1989,1123.4204
1928.83,0.0885,27.8529,91.0975,15.0743,554.6104,958.4429,1128.1570
1928.92,0.0811,25.6408,88.9065,15.0054,554.6107,958.6162,1132.3726
1929.00,0.0747,23.5451,86.6632,14.9806,554.6111,958.7094,1136.4381
1929.08,0.0688,21.5931,84.4443,14.9661,554.6113,958.8027,1140.3606
1929.17,0.0634,19.8026,82.2821,14.9577,554.6119,958.9073,1144.0770
1929.25,0.0584,18.1603,80.1758,14.9358,554.6125,959.2363,1147.1320
1929.33,4.2043,18.6875,78.7716,14.8055,554.6146,961.1030,1142.4740
1929.42,31.6611,29.1479,79.0210,14.5586,554.6219,961.4669,1133.5149
1929.50,72.0225,46.3096,80.6217,14.3327,554.6259,961.2397,1131.8230
1929.58,24.0647,45.0851,82.6135,14.2976,554.6278,961.2246,1135.0664
1929.67,23.5859,43.2580,84.2513,14.3534,554.6368,959.2832,1126.2185
1929.75,0.2280,42.1834,84.6322,14.8864,554.6414,957.1458,1119.6788
1929.83,0.2099,40.4158,84.3020,15.0941,554.6417,957.0427,1120.4917
1929.92,0.1953,38.5665,83.1264,15.1847,554.6418,956.9737,1122.6488
1930.00,0.1801,36.7402,81.9260,15.2160,554.6415,956.9712,1125.3362
1930.08,0.1660,34.9855,80.7327,15.2483,554.6420,956.9940,1128.0520
1930.17,0.1534,33.4100,79.6251,15.4084,554.6423,957.1314,1130.0568
1930.25,0.1422,32.0192,78.6193,15.6301,554.6431,957.3770,1131.5039
1930.33,5.9185,33.1957,78.2133,16.1071,554.6461,957.4718,1124.9581
1930.42,27.0626,40.5283,78.4078,16.1146,554.6493,952.7561,1110.0450
1930.50,70.3273,57.0914,80.4391,15.9673,554.6469,950.7906,1107.4894
1930.58,25.0660,63.7613,83.6345,15.7993,554.6436,949.9000,1107.6538
1930.67,28.1550,66.6117,86.4698,16.8283,554.6147,941.8925,1089.2224
1930.75,0.3724,69.5476,88.2276,17.6104,554.5908,938.5764,1083.3597
1930.83,0.3533,66.8057,87.9873,17.8582,554.5724,936.2505,1079.7418
1930.92,0.3282,64.3963,87.0697,17.9116,554.5693,936.0703,1082.0936
1931.00,0.3033,61.3783,85.8255,17.9323,554.5682,936.0956,1086.0511
1931.08,0.2800,58.4509,84.5771,17.9657,554.5663,936.1673,1089.9777
1931.17,0.2585,55.7540,83.3877,18.0638,554.5662,936.3679,1093.4316
1931.25,0.2406,53.4754,82.3702,18.3278,554.5634,936.9972,1095.2786
1931.33,2.5735,52.5275,81.8399,18.5366,554.5608,937.7527,1096.3853
1931.42,28.4956,60.9098,82.4431,18.5891,554.5527,938.9718,1092.3320
1931.50,76.1428,76.4677,85.6932,18.4011,554.5468,939.0277,1090.2201
1931.58,26.3352,73.5502,89.5647,18.1301,554.5432,939.5031,1091.1910
1931.67,24.4041,64.8085,91.9371,18.1760,554.5417,940.1760,1095.4053
1931.75,0.2306,58.3096,93.0317,18.5708,554.5391,941.3192,1097.4332
1931.83,0.2147,54.0382,92.1294,18.8981,554.5375,942.2254,1096.9800
1931.92,0.1995,50.7827,90.5012,18.9986,554.5375,942.3610,1100.2618
1932.00,0.1840,48.0319,89.0028,19.0297,554.5363,942.4833,1104.1975
1932.08,0.1703,45.7379,87.7063,19.0797,554.5369,942.6418,1107.4338
1932.17,0.1585,43.6242,86.4713,19.2386,554.5370,942.9928,1110.0806
1932.25,0.1477,41.7732,85.3561,19.4980,554.5369,943.6362,1111.6857
1932.33,4.8754,42.2675,84.8639,19.7623,554.5372,944.6623,1111.4945
1932.42,31.9354,52.2359,85.5212,19.8955,554.5402,946.4502,1108.4189
1932.50,42.5638,58.0452,87.2028,19.7737,554.5453,947.8520,1105.0685
1932.58,15.1473,53.5539,89.6783,19.7508,554.5532,947.5157,1099.5891
1932.67,16.3543,52.2109,92.1113,19.6058,554.5577,943.1447,1088.3638
1932.75,0.2258,49.5540,93.1377,19.3668,554.5547,940.9786,1084.8907
1932.83,0.2106,47.5691,92.6961,19.2427,554.5518,939.7133,1083.6842
1932.92,0.1941,45.7547,91.6293,19.1930,554.5519,939.6981,1086.1389
1933.00,0.1790,43.6535,90.3470,19.1559,554.5511,939.7507,1089.3025
1933.08,0.1650,41.5686,89.0310,19.1448,554.5512,939.7915,1092.5178
1933.17,0.1522,39.5831,87.7341,19.1442,554.5512,939.8533,1095.6156
1933.25,0.1402,37.9407,86.6319,19.1423,554.5511,940.0509,1097.8574
1933.33,4.4385,38.4184,85.9241,19.1043,554.5499,940.6385,1098.3678
1933.42,29.2774,47.0350,86.1745,18.8064,554.5466,940.6281,1090.5062
1933.50,71.6231,63.5627,88.9682,18.3582,554.5458,940.9551,1090.4208
1933.58,24.0513,59.5415,91.9191,18.2706,554.5447,942.0798,1092.7778
1933.67,23.0939,54.2073,93.4588,18.6426,554.5433,942.0501,1090.0620
1933.75,0.3454,58.1109,95.1242,19.1333,554.5372,938.6611,1079.7994
1933.83,0.3193,55.6272,94.9303,19.2270,554.5352,938.2531,1080.5975
1933.92,0.2943,53.6690,93.9918,19.2462,554.5349,938.2455,1082.9198
1934.00,0.2722,51.2786,92.7166,19.2530,554.5340,938.3253,1086.0410
1934.08,0.2509,48.8446,91.3745,19.2808,554.5329,938.3992,1089.5067
1934.17,0.2319,46.7141,90.1609,19.3767,554.5328,938.6086,1092.4103
1934.25,0.2143,44.9395,89.1406,19.4963,554.5323,938.9017,1094.4171
1934.33,8.5754,46.7685,88.6883,19.6475,554.5314,939.5107,1095.0638
1934.42,41.7421,59.5930,90.1652,19.6855,554.5314,940.0031,1097.6348
1934.50,50.0764,60.9595,92.3858,19.5056,554.5294,941.8207,1091.8969
1934.58,17.9244,55.6904,94.9642,19.6093,554.5289,941.6616,1087.3389
1934.67,17.5347,50.3725,96.7466,19.5961,554.5273,940.9001,1085.2010
1934.75,0.1629,44.3507,96.4943,19.5864,554.5274,941.3106,1091.2549
1934.83,0.1491,39.8001,94.9301,19.5525,554.5270,941.6605,1097.1749
1934.92,0.1365,36.4076,92.5961,19.5257,554.5270,941.8499,1102.7896
1935.00,0.1249,33.3892,90.2252,19.5143,554.5270,941.9335,1108.1282
1935.08,0.1144,30.6211,87.9150,19.5104,554.5270,942.0094,1113.1594
1935.17,0.1047,28.0821,85.6640,19.5152,554.5270,942.1260,1117.8761
1935.25,0.0958,25.7467,83.4779,19.5238,554.5270,942.3220,1122.2727
1935.33,1.2765,24.4194,81.7463,19.5297,554.5270,944.4293,1122.1891
1935.42,12.8052,27.9388,81.0875,19.1423,554.5408,946.6840,1104.0659
1935.50,55.4328,44.6990,82.5671,18.5061,554.5515,944.7817,1095.9000
1935.58,20.2218,52.6139,85.4403,18.1559,554.5527,945.4713,1100.0264
1935.67,18.9151,47.2543,87.5889,18.0981,554.5552,945.6805,1100.6755
1935.75,0.1960,45.5200,88.4526,18.1619,554.5602,943.9796,1093.6317
1935.83,0.1807,43.2937,88.0433,18.2288,554.5607,943.8395,1094.7004
1935.92,0.1671,41.5138,86.9440,18.2408,554.5616,943.8931,1096.9760
1936.00,0.1540,39.5735,85.7051,18.2435,554.5611,943.9199,1099.8263
1936.08,0.1420,37.6835,84.4566,18.2566,554.5612,943.9681,1102.7137
1936.17,0.1314,35.8836,83.2264,18.2826,554.5614,944.0273,1105.5345
1936.25,0.1211,34.4841,82.2431,18.3548,554.5627,944.2332,1107.2583
1936.33,1.0664,34.0577,81.5027,18.4825,554.5635,944.8160,1107.2051
1936.42,4.9670,36.6433,81.6910,18.5378,554.5645,945.4548,1107.5779
1936.50,8.9933,36.2898,82.8063,18.3089,554.5682,946.3565,1103.4000
1936.58,3.8754,33.5701,84.2336,17.7329,554.5734,946.2145,1098.1263
1936.67,4.5509,31.2329,85.4292,17.1173,554.5765,943.2490,1091.2223
1936.75,0.0437,27.8541,85.5200,16.8782,554.5762,943.5217,1094.2396
1936.83,0.0400,25.5157,83.8927,16.7516,554.5762,943.7610,1098.0503
1936.92,0.0367,23.6268,81.9894,16.6838,554.5767,943.9151,1101.8064
1937.00,0.0336,21.8935,80.1381,16.6395,554.5770,944.0232,1105.2993
1937.08,0.0309,20.2885,78.3299,16.6228,554.5770,944.0822,1108.5958
1937.17,0.0285,18.7733,76.5288,16.5972,554.5762,944.2146,1111.6129
1937.25,0.0263,17.5093,74.9480,16.5162,554.5764,944.7585,1112.8966
1937.33,0.1109,16.2426,73.2576,16.4158,554.5764,945.3367,1114.5615
1937.42,4.9363,17.3929,72.2703,15.9290,554.5822,946.8114,1104.5238
1937.50,24.5325,27.2154,72.9712,15.1251,554.5895,942.7590,1090.3221
1937.58,8.6643,27.3576,73.9793,14.5145,554.5875,940.4613,1085.4766
1937.67,7.9799,23.7135,74.6652,14.3850,554.5872,940.5995,1088.4165
1937.75,0.0812,22.0186,74.3550,14.0308,554.5832,939.5103,1086.6179
1937.83,0.0745,19.8796,72.7768,13.9212,554.5826,939.6375,1089.7665
1937.92,0.0683,18.2139,70.9318,13.8732,554.5822,939.7189,1093.0380
1938.00,0.0637,17.0933,69.5945,13.8131,554.5817,939.8428,1094.8763
1938.08,0.0602,16.2775,68.5814,13.7656,554.5807,939.9696,1095.5216
1938.17,0.0557,15.5094,67.5947,13.7507,554.5806,940.0632,1096.8171
1938.25,0.0514,14.9465,66.8687,13.7111,554.5795,940.2968,1097.0776
1938.33,8.8585,18.0049,66.4777,13.5783,554.5775,940.4952,1092.8441
1938.42,32.0694,27.0589,66.7473,13.2166,554.5745,939.3962,1085.4053
1938.50,50.3498,36.7338,68.0751,13.0601,554.5740,939.4854,1086.6650
1938.58,17.1456,34.0557,69.3111,13.0919,554.5705,939.1006,1085.0138
1938.67,17.8531,33.4698,70.4642,13.2721,554.5574,934.5218,1073.5850
1938.75,0.3628,38.4980,71.5479,13.6451,554.5220,925.8415,1058.5306
1938.83,0.3358,36.5014,71.5461,13.6489,554.5153,925.1528,1058.5195
1938.92,0.3149,35.0500,70.7215,13.6294,554.5095,924.4802,1058.7712
1939.00,0.2909,33.4121,69.7140,13.6256,554.5081,924.4484,1061.1520
1939.08,0.2688,31.8163,68.6985,13.6305,554.5070,924.4633,1063.4991
1939.17,0.2486,30.2967,67.6978,13.6534,554.5049,924.5107,1065.7953
1939.25,0.2337,29.0563,66.8861,13.7345,554.5002,924.6713,1065.6726
1939.33,9.0995,31.6686,66.5657,13.7704,554.4964,924.8444,1065.5753
1939.42,44.3213,44.5684,67.6683,13.7001,554.4936,925.3112,1066.6193
1939.50,67.5228,54.9046,69.8660,13.6190,554.4921,925.6573,1068.9265
1939.58,22.3333,48.2714,72.1034,13.5439,554.4912,926.0867,1073.0897
1939.67,20.9000,42.6962,73.2117,13.7175,554.4851,927.4641,1074.9020
1939.75,0.1936,37.4168,73.4852,13.9286,554.4844,928.2251,1079.7686
1939.83,0.1775,33.8399,72.0964,14.0907,554.4838,928.8412,1084.1536
1939.92,0.1627,31.0094,70.2764,14.1494,554.4824,929.1356,1088.5425
1940.00,0.1492,28.4373,68.4784,14.1841,554.4824,929.3563,1092.7234
1940.08,0.1390,26.8501,67.3095,14.2538,554.4820,929.7601,1094.9487
1940.17,0.1299,25.3781,66.1814,14.3918,554.4815,930.4008,1096.4716
1940.25,0.1200,23.4081,64.6273,14.5461,554.4808,931.1389,1098.7502
1940.33,0.2053,21.6743,63.3112,14.7989,554.4803,932.7613,1098.9888
1940.42,7.1320,22.7712,62.6999,15.0116,554.4828,935.7150,1091.7583
1940.50,51.5256,40.4740,64.7965,14.8313,554.4897,935.8416,1084.5626
1940.58,22.0176,52.7078,68.3430,14.8957,554.4951,934.0940,1078.9324
1940.67,21.5765,51.2840,71.3940,15.1058,554.4971,933.9722,1079.9447
1940.75,0.3154,53.2495,73.3580,15.8567,554.4910,925.7346,1059.6257
1940.83,0.2983,50.8730,73.4009,16.2352,554.4783,922.1607,1054.2506
1940.92,0.2769,48.8593,72.5723,16.2892,554.4764,921.9026,1056.2413
1941.00,0.2556,46.6017,71.5502,16.3101,554.4759,921.8856,1059.2148
1941.08,0.2357,44.3760,70.5080,16.3401,554.4745,921.9204,1062.2271
1941.17,0.2174,42.2571,69.4812,16.3932,554.4738,921.9827,1065.0769
1941.25,0.2012,40.4203,68.5622,16.5094,554.4729,922.2043,1067.2836
1941.33,4.1138,40.6636,68.0478,16.7953,554.4628,922.1420,1061.3011
1941.42,31.8833,50.0734,68.8299,16.6774,554.4479,919.8492,1052.7426
1941.50,65.7596,61.9719,70.8138,16.1654,554.4265,916.5801,1045.7485
1941.58,26.9846,72.4608,74.3711,16.1414,554.3892,911.9778,1037.0394
1941.67,30.8955,76.9573,77.9630,16.4763,554.3564,909.5698,1032.5508
1941.75,0.3564,79.0097,79.7701,16.5993,554.3461,909.7097,1034.3536
1941.83,0.3298,76.1843,79.4891,16.6522,554.3397,909.7299,1035.8088
1941.92,0.3043,73.1893,78.5469,16.6724,554.3382,909.8058,1039.3402
1942.00,0.2804,69.7544,77.4230,16.6832,554.3367,909.8796,1043.6755
1942.08,0.2586,66.4229,76.2952,16.7019,554.3357,909.9675,1047.9589
1942.17,0.2386,63.2503,75.1838,16.7386,554.3344,910.1056,1052.0146
1942.25,0.2199,60.3290,74.1253,16.8081,554.3334,910.3275,1055.6449
1942.33,5.7727,60.4480,73.8019,17.1700,554.3234,912.5777,1051.4365
1942.42,30.2253,67.8841,74.6060,17.2123,554.3159,912.9244,1047.4221
1942.50,62.6838,78.5582,76.9715,16.8798,554.3099,913.5960,1045.5194
1942.58,21.6831,78.9292,80.9311,16.9134,554.3088,914.1874,1049.9440
1942.67,19.8911,70.0943,83.8544,16.9564,554.3091,914.3876,1055.7406
1942.75,0.1844,62.3757,84.2572,17.0605,554.3085,915.1056,1062.6985
1942.83,0.1726,58.3442,83.5888,17.2447,554.3057,917.0905,1059.5497
1942.92,0.1639,56.3158,82.7537,17.3946,554.3055,917.4673,1058.3286
1943.00,0.1540,53.6314,81.5507,17.4480,554.3058,917.5604,1061.0222
1943.08,0.1423,51.0699,80.3627,17.4829,554.3052,917.6421,1064.4517
1943.17,0.1313,48.6899,79.2210,17.5940,554.3051,917.8610,1067.5531
1943.25,0.1232,46.5153,78.1530,17.7686,554.3054,918.3316,1069.3752
1943.33,8.3119,48.1530,77.9445,18.0825,554.3069,919.4897,1065.6228
1943.42,28.1049,54.4501,78.2485,18.1575,554.3120,919.6310,1057.6305
1943.50,64.3220,67.4537,80.3107,17.9808,554.3145,919.8438,1057.2799
1943.58,21.8272,66.4410,83.5378,17.9458,554.3148,920.3821,1061.7178
1943.67,20.0290,58.0020,85.7430,18.0104,554.3154,921.1557,1068.0029
1943.75,0.1856,51.5210,85.5970,18.1240,554.3168,921.7222,1074.5972
1943.83,0.1700,46.7585,83.9165,18.2217,554.3170,922.3486,1080.8302
1943.92,0.1557,42.8734,81.7767,18.2403,554.3172,922.5656,1086.7743
1944.00,0.1426,39.3190,79.6828,18.2503,554.3172,922.7301,1092.3561
1944.08,0.1306,36.0592,77.6426,18.2730,554.3172,922.8669,1097.6245
1944.17,0.1198,33.0695,75.6546,18.3128,554.3176,923.0677,1102.4436
1944.25,0.1105,30.7554,74.0275,18.4507,554.3188,923.9344,1105.4513
1944.33,1.8391,30.1904,73.1223,18.6687,554.3250,928.1867,1098.0236
1944.42,9.1102,32.8696,73.1376,18.7016,554.3390,930.4640,1089.2075
1944.50,9.5634,31.2156,73.5958,18.5091,554.3460,931.2823,1087.5441
1944.58,5.5591,33.4171,74.6865,18.0369,554.3646,929.9049,1078.0980
1944.67,5.6063,32.1844,75.9508,17.6089,554.3704,929.8509,1078.1694
1944.75,0.0541,30.1321,76.3803,17.2686,554.3729,930.3251,1079.3192
1944.83,0.0496,28.8569,76.0293,17.1346,554.3746,930.5616,1080.5593
1944.92,0.0455,27.7801,75.2482,17.0665,554.3749,930.6783,1082.2322
1945.00,0.0417,26.4533,74.1521,17.0410,554.3749,930.7245,1084.5865
1945.08,0.0383,25.1899,73.0719,17.0006,554.3754,930.8299,1086.7434
1945.17,0.0354,23.9908,72.0112,16.9735,554.3754,930.9047,1088.5476
1945.25,0.0327,23.0211,71.1404,16.9199,554.3765,931.0756,1089.3866
1945.33,2.3664,23.2184,70.4700,16.7831,554.3799,931.3557,1087.7528
1945.42,20.4905,32.2835,70.7231,16.4436,554.3878,931.3965,1082.9292
1945.50,39.2970,41.6880,71.5735,15.8765,554.4028,926.9475,1068.2167
1945.58,13.0545,39.0788,72.8279,15.7259,554.4029,927.5083,1071.2144
1945.67,13.6663,38.3251,74.1928,15.5616,554.4019,923.6063,1062.2762
1945.75,0.1279,34.3613,73.9683,15.4263,554.4005,923.7477,1065.4805
1945.83,0.1193,32.1782,72.9888,15.3381,554.3977,922.9208,1064.3278
1945.92,0.1101,30.5802,71.9172,15.3103,554.3976,922.9047,1066.3116
1946.00,0.1015,29.1445,70.8877,15.2987,554.3975,922.9224,1068.5323
1946.08,0.0935,27.7525,69.8551,15.2961,554.3970,922.9582,1070.7197
1946.17,0.0862,26.4413,68.8488,15.3024,554.3969,923.0167,1072.7792
1946.25,0.0801,25.4200,68.0561,15.3179,554.3962,923.2490,1072.7385
1946.33,0.4554,24.8958,67.7043,15.3103,554.3954,923.5994,1072.4677
1946.42,7.4610,27.7638,67.6347,15.0613,554.3910,922.9832,1063.7358
1946.50,20.0054,35.5292,68.8133,14.8022,554.3881,922.1111,1061.9025
1946.58,6.9740,33.4544,70.3083,14.3232,554.3832,921.5410,1060.2228
1946.67,7.4955,31.5199,71.5244,13.9060,554.3712,918.7943,1052.6996
1946.75,0.2060,37.0073,72.5803,13.7456,554.3605,916.3029,1048.8788
1946.83,0.1954,35.5763,72.1994,13.5093,554.3427,913.0511,1042.5715
1946.92,0.1846,34.0674,71.2734,13.4601,554.3391,912.6201,1043.6516
1947.00,0.1706,32.5479,70.3050,13.4419,554.3381,912.5562,1045.7423
1947.08,0.1574,30.9944,69.2815,13.4357,554.3371,912.5617,1048.0647
1947.17,0.1451,29.5201,68.2766,13.4384,554.3359,912.6024,1050.3503
1947.25,0.1354,28.2621,67.3973,13.4359,554.3332,912.7720,1051.1965
1947.33,5.5792,29.5472,66.9658,13.4008,554.3290,913.0200,1050.8560
1947.42,29.4372,38.2609,67.4578,13.2185,554.3218,913.3911,1049.0565
1947.50,60.5440,50.9235,68.9228,13.0128,554.3015,911.2963,1040.5980
1947.58,25.1661,63.3265,72.1643,13.2398,554.2803,908.4763,1035.7028
1947.67,26.9306,67.1267,75.8041,13.5289,554.2760,908.9459,1039.6322
1947.75,0.2552,62.7055,77.9880,13.8247,554.2662,908.8573,1039.7776
1947.83,0.2382,59.5622,78.2896,13.9898,554.2575,908.4576,1038.2466
1947.92,0.2203,57.0339,77.2996,14.0307,554.2565,908.4310,1041.1183
1948.00,0.2030,54.3532,76.1918,14.0510,554.2552,908.4868,1044.6168
1948.08,0.1872,51.7985,75.0999,14.0834,554.2539,908.5765,1047.9718
1948.17,0.1726,49.3245,74.0060,14.1281,554.2530,908.6765,1051.2904
1948.25,0.1593,47.2376,73.0688,14.2307,554.2521,908.9400,1053.7748
1948.33,6.0119,48.4305,72.8038,14.4612,554.2495,909.7235,1054.2180
1948.42,18.1279,54.6156,73.6624,14.5926,554.2487,910.3303,1056.0964
1948.50,24.3229,55.0673,75.4888,14.6614,554.2408,912.3636,1048.0243
1948.58,8.3970,49.3730,78.1457,14.5512,554.2374,912.4371,1048.0807
1948.67,8.3435,44.3385,79.7176,14.2790,554.2335,912.5817,1048.3303
1948.75,0.0785,38.6028,80.1097,14.1303,554.2322,913.1574,1053.5264
1948.83,0.0719,34.8669,78.6301,13.9979,554.2327,913.6818,1058.3336
1948.92,0.0660,32.0460,76.7119,13.9461,554.2319,913.9059,1062.7811
1949.00,0.0606,29.4964,74.8293,13.9245,554.2321,914.0197,1067.0515
1949.08,0.0571,28.0876,73.7393,13.8992,554.2316,914.2682,1069.0065
1949.17,0.0537,26.7743,72.6881,13.8816,554.2310,914.6652,1070.4326
1949.25,0.0497,25.7485,71.8487,13.8305,554.2310,915.3520,1070.9491
1949.33,5.2508,28.0027,71.4463,13.7377,554.2308,916.5795,1069.3792
1949.42,29.9226,37.3238,72.0642,13.2888,554.2371,915.2223,1050.7664
1949.50,62.7120,49.5888,73.7352,13.1053,554.2284,907.7736,1035.7390
1949.58,24.7352,61.0130,77.2567,13.1169,554.2260,907.8895,1038.9778
1949.67,23.2251,56.2727,80.3466,13.3678,554.2234,908.4565,1042.8579
1949.75,0.2149,51.1676,81.3155,13.5569,554.2233,908.8483,1047.1112
1949.83,0.1970,46.7611,79.9706,13.6544,554.2223,909.2925,1052.4423
1949.92,0.1813,42.8506,77.9893,13.7229,554.2215,909.6301,1057.5641
1950.00,0.1668,39.2971,75.9934,13.7473,554.2214,909.7897,1062.7993
1950.08,0.1536,36.2585,74.1823,13.7756,554.2210,909.9263,1067.4365
1950.17,0.1416,33.2537,72.2841,13.8354,554.2205,910.2064,1071.8700
1950.25,0.1306,30.4950,70.4352,13.9346,554.2206,910.7073,1075.6874
1950.33,0.1916,28.2793,69.0037,14.2133,554.2194,912.6273,1076.1859
1950.42,4.3481,28.0116,68.1739,14.4051,554.2211,916.0453,1069.5737
1950.50,8.0602,27.6859,68.7506,14.2844,554.2274,916.5764,1061.0629
1950.58,7.0549,38.5880,70.6423,13.6289,554.2321,912.0665,1047.1010
1950.67,14.0723,49.3872,73.3776,13.3033,554.2314,912.2745,1049.7385
1950.75,0.3000,53.1224,75.0528,13.0265,554.2189,907.1959,1037.7661
1950.83,0.2793,50.5873,75.1921,12.9940,554.2109,905.3054,1035.5072
1950.92,0.2581,48.5544,74.3735,12.9524,554.2097,905.1560,1037.5913
1951.00,0.2379,46.2814,73.3120,12.9383,554.2084,905.1448,1040.6376
1951.08,0.2192,44.0710,72.2441,12.9345,554.2073,905.1678,1043.7310
1951.17,0.2026,41.9797,71.1987,12.9387,554.2068,905.2648,1046.5537
1951.25,0.1868,40.1175,70.2381,12.9406,554.2057,905.3845,1048.9513
1951.33,4.1140,40.3280,69.6310,12.9336,554.2045,905.7080,1050.2510
1951.42,30.7162,49.3540,70.3070,12.7987,554.1933,905.6540,1041.4800
1951.50,63.8332,61.1023,72.1086,12.5730,554.1877,905.5430,1040.2913
1951.58,22.0711,62.6525,75.2973,12.5990,554.1858,906.1312,1043.6504
1951.67,21.5059,58.4540,78.0940,13.1338,554.1749,905.4442,1038.5968
1951.75,0.2000,52.2618,78.4007,13.5049,554.1725,905.7516,1043.6146
1951.83,0.1882,49.7731,78.0355,13.7790,554.1651,905.0270,1039.1721
1951.92,0.1748,47.7174,77.0597,13.8490,554.1640,904.9214,1041.0326
1952.00,0.1611,45.4839,75.9600,13.8655,554.1635,904.9474,1044.1274
1952.08,0.1486,43.3116,74.8536,13.8885,554.1634,904.9915,1047.2108
1952.17,0.1369,41.2749,73.7804,13.9452,554.1623,905.0943,1049.9711
1952.25,0.1271,39.4116,72.7676,14.0733,554.1607,905.4438,1051.5118
1952.33,7.0727,40.9080,72.3419,14.2857,554.1588,906.1448,1050.0083
1952.42,33.9288,50.0888,73.0770,14.4620,554.1534,905.7535,1040.4359
1952.50,74.0294,65.6087,76.4941,14.3011,554.1481,903.5333,1034.3845
1952.58,29.0439,75.9771,80.8410,14.5857,554.1445,903.4418,1036.5763
1952.67,30.0771,75.2502,85.1042,15.4744,554.1221,899.8799,1027.0311
1952.75,0.2827,69.5479,87.6632,15.8816,554.1173,899.7754,1029.8568
1952.83,0.2588,66.3682,87.8072,15.9698,554.1160,899.9636,1032.7908
1952.92,0.2370,63.8169,86.8584,16.0144,554.1157,900.1328,1036.2864
1953.00,0.2172,60.7690,85.5932,16.0331,554.1157,900.2111,1040.5704
1953.08,0.1991,57.9542,84.3846,16.0799,554.1157,900.3315,1044.5439
1953.17,0.1825,55.3200,83.2161,16.1585,554.1157,900.4807,1048.2703
1953.25,0.1674,53.2333,82.3028,16.3674,554.1142,900.9828,1050.8549
1953.33,0.2430,51.4428,81.6239,16.7064,554.1104,902.5751,1049.7797
1953.42,6.7992,53.1235,81.8953,16.8649,554.1053,903.9366,1044.5602
1953.50,28.6945,61.8515,84.9996,16.5729,554.1008,903.7080,1039.4929
1953.58,10.5158,56.5140,88.1905,16.1536,554.0966,903.5413,1036.6239
1953.67,12.4590,55.3593,91.0191,15.7794,554.0836,900.3047,1028.4312
1953.75,0.3148,59.0508,93.2765,15.6234,554.0806,900.1677,1030.9501
1953.83,0.2883,55.8899,93.5095,15.5162,554.0801,900.4393,1033.7815
1953.92,0.2649,53.9573,92.6391,15.4058,554.0800,900.7156,1036.3810
1954.00,0.2438,51.5853,91.4004,15.3819,554.0789,900.8066,1039.6719
1954.08,0.2244,49.1216,90.0690,15.3754,554.0787,900.8900,1043.2532
1954.17,0.2066,47.1844,88.9922,15.3820,554.0785,901.1033,1045.8083
1954.25,0.1901,45.3060,87.9212,15.3841,554.0778,901.4211,1048.2794
1954.33,8.6725,47.1469,87.7343,15.3521,554.0761,902.2304,1048.8695
1954.42,24.6882,54.5472,88.4162,15.2776,554.0761,902.8828,1051.0819
1954.50,23.8417,50.8512,89.9977,15.0538,554.0752,904.3695,1054.2623
1954.58,7.8877,43.0414,92.0063,14.9040,554.0742,905.6094,1059.6978
1954.67,7.8199,37.7770,93.1657,14.6814,554.0729,908.4001,1056.5889
1954.75,0.0737,32.4532,93.3625,14.5286,554.0728,909.1984,1061.4146
1954.83,0.0676,29.0263,91.7364,14.3966,554.0728,909.9982,1065.5796
1954.92,0.0619,26.5825,89.4264,14.3292,554.0720,910.3631,1069.9937
1955.00,0.0570,24.5389,87.3078,14.2903,554.0713,910.6796,1073.6234
1955.08,0.0527,22.6688,85.2579,14.2722,554.0699,910.9473,1077.0815
1955.17,0.0487,20.9676,83.2878,14.2658,554.0693,911.2178,1080.2742
1955.25,0.0449,19.2890,81.2337,14.2506,554.0697,911.8802,1082.8029
1955.33,0.1285,18.1332,79.9087,14.1773,554.0736,914.3931,1078.6475
1955.42,3.4760,18.2170,78.8674,13.8967,554.0868,916.4675,1069.0100
1955.50,18.7740,24.9317,78.9741,13.4707,554.1060,913.2953,1054.9208
1955.58,6.4113,24.4871,79.7237,13.2857,554.1068,913.4697,1057.5736
1955.67,9.0999,29.2648,80.8456,12.8161,554.1135,907.5018,1043.4501
1955.75,0.1584,29.4698,81.3530,12.5769,554.1102,905.8199,1040.5695
1955.83,0.1483,28.0356,81.0560,12.4843,554.1046,903.5651,1036.8779
1955.92,0.1382,26.9419,80.1173,12.4058,554.1031,903.3738,1038.0049
1956.00,0.1304,25.6793,78.9725,12.3590,554.1016,903.2118,1039.4753
1956.08,0.1207,24.5188,77.8851,12.3485,554.1006,903.1673,1041.1823
1956.17,0.1115,23.3517,76.7545,12.3498,554.1001,903.1703,1043.2467
1956.25,0.1028,22.4382,75.8877,12.3505,554.0996,903.2427,1044.3787
1956.33,6.4275,24.2540,75.4470,12.3243,554.0968,903.2902,1043.4406
1956.42,37.6549,35.9827,76.1535,12.1420,554.0906,902.9654,1040.0706
1956.50,57.0665,45.1009,78.1208,12.0426,554.0848,902.2499,1038.1689
1956.58,19.1534,41.1391,79.5344,12.0708,554.0802,901.9504,1038.9391
1956.67,19.3028,39.3588,80.6844,12.5130,554.0621,899.0814,1030.8920
1956.75,0.1791,34.5349,80.5320,12.6378,554.0607,899.2387,1035.6342
1956.83,0.1639,30.9809,79.1889,12.6765,554.0602,899.4056,1040.2883
1956.92,0.1503,28.5228,77.2688,12.6875,554.0599,899.5882,1044.5363
1957.00,0.1388,26.4240,75.5189,12.6990,554.0584,899.8272,1047.7444
1957.08,0.1279,24.2333,73.5853,12.7132,554.0577,899.9495,1051.5767
1957.17,0.1179,22.2224,71.7027,12.7647,554.0572,900.2166,1054.9249
1957.25,0.1090,20.5466,70.0488,12.8565,554.0561,900.8684,1056.8669
1957.33,2.6388,20.9754,69.3140,12.9981,554.0533,902.3391,1053.8726
1957.42,19.2561,27.1249,69.3502,13.0000,554.0477,901.0745,1037.6155
1957.50,55.4869,41.5418,70.6540,12.8199,554.0337,896.4099,1026.2341
1957.58,23.0653,54.7702,73.8851,12.7694,554.0273,895.7787,1026.9711
1957.67,23.5536,56.0950,77.0342,13.2615,554.0148,895.2289,1026.0819
1957.75,0.2191,52.3746,78.2732,13.6051,554.0118,895.5923,1028.2646
1957.83,0.2042,49.9659,78.2418,13.8264,554.0038,895.3064,1026.9313
1957.92,0.1925,47.9774,77.3210,13.9447,554.0002,895.1149,1028.0575
1958.00,0.1776,45.8147,76.2590,13.9779,553.9996,895.1410,1030.9032
1958.08,0.1637,43.6266,75.1482,14.0092,553.9986,895.1873,1033.9847
1958.17,0.1513,41.6916,74.1349,14.1117,553.9974,895.3602,1036.4198
1958.25,0.1408,39.9160,73.1774,14.3100,553.9960,895.7925,1038.0164
1958.33,2.9420,39.6639,72.7026,14.5685,553.9900,896.4859,1035.2437
1958.42,34.2880,50.1410,73.7265,14.5663,553.9728,894.9022,1024.1438
1958.50,73.3195,64.2005,76.8620,14.3256,553.9692,895.5995,1026.8778
1958.58,26.8320,66.2119,79.7259,14.7687,553.9493,893.6542,1020.1406
1958.67,24.6475,59.0725,82.1060,14.9977,553.9474,893.8722,1024.8223
1958.75,0.2280,51.8428,82.7383,15.1897,553.9460,894.3922,1031.5421
1958.83,0.2091,47.1448,81.4259,15.3405,553.9452,895.0345,1037.0924
1958.92,0.1923,43.2125,79.3657,15.3930,553.9450,895.3500,1042.5951
1959.00,0.1796,40.7606,77.9880,15.4600,553.9432,895.9722,1045.3918
1959.08,0.1688,38.8224,76.8570,15.5419,553.9421,896.5240,1047.2380
1959.17,0.1560,36.9680,75.7374,15.6066,553.9410,896.7774,1049.7661
1959.25,0.1447,35.4098,74.7681,15.8110,553.9400,897.5741,1050.9595
1959.33,6.2698,36.6727,74.2268,16.1263,553.9376,899.4524,1048.5291
1959.42,32.4679,45.9982,74.8506,16.2089,553.9362,901.1322,1040.9115
1959.50,55.7789,55.5767,77.4167,16.0100,553.9361,900.9773,1037.0161
1959.58,18.7024,50.4075,79.5400,16.1202,553.9356,901.0225,1037.8871
1959.67,17.1696,43.4883,80.6928,16.2670,553.9354,901.7056,1043.7574
1959.75,0.2027,38.9735,80.9824,16.3728,553.9348,902.7314,1044.4349
1959.83,0.1901,37.1890,80.1334,16.5020,553.9344,902.2909,1040.1841
1959.92,0.1779,35.6011,79.0964,16.5762,553.9338,902.3132,1041.5232
1960.00,0.1640,33.9064,77.9480,16.5883,553.9321,902.3536,1044.0157
1960.08,0.1513,32.2870,76.8126,16.6033,553.9321,902.4009,1046.5563
1960.17,0.1395,30.7449,75.6937,16.6398,553.9312,902.4832,1048.9060
1960.25,0.1286,29.4414,74.7526,16.7163,553.9307,902.6943,1050.5090
1960.33,0.8673,28.9643,74.3056,16.8885,553.9307,903.4590,1048.9790
1960.42,4.7720,30.9166,74.3374,16.8854,553.9312,904.2243,1045.8507
1960.50,10.2458,31.7701,75.1440,16.4969,553.9319,903.1754,1038.9934
1960.58,3.4194,28.1665,76.0651,15.9961,553.9316,903.9551,1041.3601
1960.67,3.1793,24.9561,76.6789,15.6571,553.9311,904.5594,1043.8311
1960.75,0.0313,22.5532,76.6758,15.2054,553.9312,905.3514,1045.4691
1960.83,0.0292,21.2271,75.9705,14.8723,553.9301,905.0186,1042.0112
1960.92,0.0269,20.3432,75.0253,14.8142,553.9305,904.9649,1043.0905
1961.00,0.0248,19.3893,73.9526,14.7809,553.9290,904.9763,1044.7823
1961.08,0.0229,18.4727,72.8866,14.7548,553.9275,905.0107,1046.4393
1961.17,0.0211,17.6468,71.8939,14.7273,553.9274,905.0696,1047.8337
1961.25,0.0198,16.9637,71.0791,14.5747,553.9265,905.1605,1045.7800
1961.33,7.3238,19.3881,70.6279,14.4354,553.9257,904.9866,1043.9949
1961.42,35.1850,29.9735,71.0498,13.9276,553.9215,902.6655,1034.5172
1961.50,74.6961,45.2015,72.9023,13.4488,553.8923,895.2088,1019.8098
1961.58,28.8059,56.7840,75.8064,13.5447,553.8786,894.1685,1019.7838
1961.67,27.2291,54.5041,78.2462,13.7068,553.8765,894.6332,1023.7971
1961.75,0.3092,52.7630,78.8429,14.1208,553.8575,893.7605,1019.5064
1961.83,0.2893,50.6958,78.6012,14.2961,553.8480,892.7800,1018.2888
1961.92,0.2673,48.6863,77.6665,14.3529,553.8464,892.8126,1020.7985
1962.00,0.2465,46.4373,76.5730,14.3752,553.8454,892.8364,1023.9080
1962.08,0.2295,44.2195,75.4576,14.4368,553.8441,892.9427,1026.9675
1962.17,0.2130,42.2558,74.4372,14.5638,553.8428,893.1507,1029.3418
1962.25,0.1970,40.4727,73.4880,14.6904,553.8422,893.3820,1031.5034
1962.33,6.5499,41.5962,73.1386,14.8789,553.8399,893.8523,1032.4611
1962.42,35.6749,51.5645,74.0708,15.1819,553.8246,894.4929,1024.1755
1962.50,73.3928,64.4990,76.3617,15.1718,553.7955,890.2942,1012.5611
1962.58,29.0358,74.6084,80.1109,15.5412,553.7528,885.3280,1003.0816
1962.67,33.2219,80.4058,83.8264,15.9178,553.7344,884.1667,1004.0038
1962.75,0.3422,81.0238,85.9879,16.0001,553.7332,884.6196,1008.0559
1962.83,0.3193,77.6716,86.0748,16.1832,553.7191,884.4309,1006.9745
1962.92,0.2959,74.7923,85.2087,16.2510,553.7162,884.6520,1010.0568
1963.00,0.2728,71.4479,84.0480,16.2778,553.7159,884.7537,1014.2712
1963.08,0.2514,68.0355,82.8237,16.3040,553.7149,884.8413,1018.7328
1963.17,0.2317,64.8429,81.6387,16.3784,553.7136,885.0293,1022.7954
1963.25,0.2141,62.0617,80.5964,16.5447,553.7128,885.4575,1026.0437
1963.33,3.4903,61.3174,80.1686,16.8257,553.7094,886.4868,1027.0312
1963.42,34.2695,71.1385,81.5291,17.0661,553.7040,888.8279,1026.7593
1963.50,70.8664,83.9642,84.8146,17.1787,553.6914,889.9355,1018.0099
1963.58,25.1581,83.8812,89.8602,17.2052,553.6873,890.3004,1019.3200
1963.67,26.0879,81.0451,93.6888,18.0163,553.6694,887.9084,1009.4014
1963.75,0.3845,76.1692,95.9662,18.3841,553.6556,886.6682,1007.6097
1963.83,0.3589,71.8239,96.5606,18.5310,553.6450,885.7446,1006.5935
1963.92,0.3315,69.2090,95.5485,18.5562,553.6437,885.7178,1009.5751
1964.00,0.3060,65.9397,94.1721,18.5643,553.6422,885.7860,1013.9925
1964.08,0.2820,62.7966,92.8031,18.5806,553.6414,885.8637,1018.3155
1964.17,0.2598,59.7972,91.4513,18.6150,553.6406,885.9702,1022.4653
1964.25,0.2395,57.0077,90.1507,18.6889,553.6395,886.1976,1026.2639
1964.33,5.0982,57.0841,89.3859,18.8928,553.6353,887.5913,1025.7397
1964.42,27.3646,65.0103,90.0190,18.9188,553.6342,888.4889,1027.4023
1964.50,32.3522,66.6288,91.4634,18.9316,553.6334,889.6595,1030.2355
1964.58,10.7028,58.2149,93.9995,18.8846,553.6327,890.6251,1035.5548
1964.67,9.8550,50.1222,95.3398,18.7645,553.6319,892.1448,1041.9635
1964.75,0.0925,44.6730,94.8198,18.5257,553.6310,893.9276,1047.1110
1964.83,0.0848,40.5418,92.8368,18.4051,553.6304,894.7814,1052.6404
1964.92,0.0777,37.1618,90.4793,18.3464,553.6298,895.1387,1058.1273
1965.00,0.0713,34.0809,88.1627,18.3161,553.6299,895.3356,1063.3848
1965.08,0.0654,31.3694,85.9990,18.2860,553.6299,895.6357,1068.0223
1965.17,0.0602,28.8070,83.8307,18.2720,553.6292,896.0240,1072.2997
1965.25,0.0555,26.5500,81.8057,18.2480,553.6281,896.6617,1075.8965
1965.33,0.7861,25.0856,80.2346,18.1057,553.6309,901.1498,1072.1949
1965.42,4.9422,25.3335,79.2534,17.6605,553.6450,906.0228,1062.0175
1965.50,29.7579,34.6836,79.8370,16.7731,553.6785,902.8881,1040.8977
1965.58,14.6887,48.3949,82.1285,16.1905,553.6882,896.3710,1027.1826
1965.67,20.6237,57.5317,84.8188,16.0271,553.6855,895.3584,1027.7791
1965.75,0.3499,59.9295,85.8028,15.8559,553.6801,894.3981,1025.8348
1965.83,0.3269,57.4250,85.6874,15.9092,553.6747,893.0521,1024.2698
1965.92,0.3013,55.3970,84.8501,15.9083,553.6738,893.0156,1026.5560
1966.00,0.2778,52.8763,83.6736,15.9044,553.6731,893.0388,1029.9751
1966.08,0.2560,50.3509,82.4547,15.9098,553.6723,893.0816,1033.5209
1966.17,0.2360,47.9459,81.2536,15.9237,553.6722,893.1381,1036.9580
1966.25,0.2174,46.0185,80.2754,15.9662,553.6717,893.3610,1039.3330
1966.33,4.3977,46.1898,79.6972,16.0505,553.6701,894.1069,1040.2930
1966.42,32.9571,56.5630,80.3523,16.0584,553.6688,894.4907,1042.1227
1966.50,50.3413,64.1680,82.3984,16.0002,553.6622,895.9146,1034.3920
1966.58,16.6570,56.4753,85.1828,16.1759,553.6618,897.2285,1039.0776
1966.67,20.1630,61.0765,87.7451,16.7399,553.6519,895.1699,1027.1458
1966.75,0.3061,63.8413,89.4420,16.7977,553.6375,892.4435,1021.1129
1966.83,0.2819,61.4545,89.0504,16.7852,553.6352,892.4310,1023.1345
1966.92,0.2602,59.0109,87.9810,16.7657,553.6343,892.4684,1026.1025
1967.00,0.2398,56.2102,86.7076,16.7576,553.6331,892.5172,1029.9404
1967.08,0.2218,53.5273,85.4454,16.7623,553.6329,892.6334,1033.6344
1967.17,0.2046,50.9801,84.2055,16.7876,553.6319,892.7923,1037.1064
1967.25,0.1886,48.9754,83.2301,16.8334,553.6310,893.1622,1039.3385
1967.33,4.4870,49.0062,82.8309,16.8798,553.6236,894.3312,1033.7550
1967.42,26.5873,55.7863,83.3554,16.4603,553.6116,892.4316,1022.9565
1967.50,57.7014,65.9759,84.9206,15.9019,553.5662,883.4266,1004.9185
1967.58,24.4814,75.9747,88.3226,15.9080,553.5042,877.5894,995.6948
1967.67,29.3447,81.9197,92.3970,15.8649,553.4932,877.6498,999.0437
1967.75,0.3582,83.4682,94.3233,15.8217,553.4709,877.8024,998.6231
1967.83,0.3306,79.9296,94.3389,15.8385,553.4633,877.9209,1000.4650
1967.92,0.3051,76.7596,93.2141,15.8445,553.4618,878.0966,1004.4266
1968.00,0.2815,73.0935,91.8563,15.8465,553.4605,878.1919,1009.2602
1968.08,0.2605,69.6025,90.5183,15.8558,553.4598,878.2869,1013.9232
1968.17,0.2401,66.3059,89.2110,15.8940,553.4581,878.4799,1018.2321
1968.25,0.2217,63.7030,88.1747,15.9912,553.4564,879.0454,1021.0005
1968.33,3.7571,63.0274,87.5059,16.1368,553.4527,880.2197,1022.4608
1968.42,22.5774,68.8716,87.7482,16.1413,553.4432,882.6127,1019.0305
1968.50,47.2241,79.6593,90.8760,15.8430,553.4297,883.2160,1012.3255
1968.58,16.8883,81.8139,95.0424,15.6925,553.4268,884.0640,1015.9775
1968.67,17.6242,81.4291,97.8735,15.7702,553.4161,883.3824,1011.4409
1968.75,0.1644,76.5662,99.3291,15.7653,553.4152,883.8868,1014.9444
1968.83,0.1523,73.5817,99.0727,15.7355,553.4113,884.1288,1014.9977
1968.92,0.1418,70.5770,97.8792,15.7223,553.4100,884.2961,1018.0262
1969.00,0.1308,67.2062,96.4535,15.7201,553.4093,884.3647,1022.5660
1969.08,0.1205,63.9964,95.0485,15.7268,553.4084,884.4743,1026.9066
1969.17,0.1115,60.9701,93.6780,15.7645,553.4073,884.7908,1030.6233
1969.25,0.1029,58.2600,92.4104,15.7990,553.4068,885.0897,1034.0771
1969.33,7.1613,59.0736,92.0285,15.8754,553.4031,887.0787,1028.2126
1969.42,37.8670,68.6183,93.1410,15.6933,553.4006,886.4399,1018.8241
1969.50,63.5764,77.3136,94.7298,15.4647,553.3871,881.6021,1005.9686
1969.58,26.1088,87.4400,98.8645,15.5995,553.3776,880.6815,1006.6049
1969.67,27.5237,87.6933,103.6463,15.7738,553.3736,881.3867,1011.6468
1969.75,0.2612,81.8970,106.2099,16.1491,553.3649,882.1253,1011.9290
1969.83,0.2478,78.5952,105.7188,16.3574,553.3516,881.0006,1007.8443
1969.92,0.2352,75.4335,104.4355,16.4646,553.3482,880.7980,1010.1781
1970.00,0.2186,71.8605,102.9270,16.4905,553.3470,880.8343,1014.6642
1970.08,0.2016,68.4695,101.4460,16.5248,553.3461,880.9351,1019.2740
1970.17,0.1860,65.2105,99.9735,16.6105,553.3449,881.1601,1023.5283
1970.25,0.1733,62.1717,98.5532,16.7865,553.3434,881.7076,1027.0645
1970.33,3.5865,61.1803,97.5286,17.0371,553.3398,883.1992,1026.7322
1970.42,31.5346,69.9432,98.2192,17.0827,553.3367,884.7314,1025.4471
1970.50,48.4975,78.0366,100.2559,17.0130,553.3358,885.7991,1025.6810
1970.58,16.4470,73.5128,104.0922,16.9251,553.3348,887.0271,1027.5863
1970.67,15.1317,63.8270,106.8954,16.9863,553.3345,887.9761,1034.0175
1970.75,0.1830,58.0804,107.1079,16.9781,553.3342,890.5706,1033.3818
1970.83,0.1690,53.5263,105.2009,16.9600,553.3347,891.2118,1037.6896
1970.92,0.1564,49.8299,102.9775,16.9506,553.3354,891.5698,1042.5299
1971.00,0.1443,45.8805,100.4603,16.9445,553.3360,891.8034,1048.4884
1971.08,0.1345,43.5897,98.9293,16.9627,553.3363,892.2732,1051.4226
1971.17,0.1244,41.5674,97.5303,17.0046,553.3366,892.7522,1053.9120
1971.25,0.1165,39.7606,96.2461,17.0775,553.3380,893.9343,1054.1102
1971.33,3.8134,39.8891,95.5645,17.0835,553.3459,895.7279,1045.3638
1971.42,27.8877,48.0430,95.7992,16.7595,553.3602,893.3734,1031.7268
1971.50,47.9524,57.7883,97.9305,16.4671,553.3625,892.8464,1031.9729
1971.58,16.3301,57.1448,100.6852,16.3772,553.3637,893.0496,1036.5961
1971.67,15.0141,50.8902,102.6942,16.3014,553.3639,893.5422,1040.9733
1971.75,0.1601,48.9289,103.1239,16.2177,553.3679,893.1329,1033.1647
1971.83,0.1483,46.9222,102.5968,16.2822,553.3683,892.8496,1033.1298
1971.92,0.1367,45.0606,101.3656,16.2898,553.3688,892.8605,1035.6975
1972.00,0.1259,42.9090,99.8894,16.2905,553.3686,892.8942,1039.0624
1972.08,0.1165,40.8653,98.4385,16.3051,553.3688,892.9769,1042.2224
1972.17,0.1074,38.9926,97.0640,16.3373,553.3689,893.0891,1045.0997
1972.25,0.0990,37.6443,96.1606,16.4158,553.3691,893.4622,1046.2698
1972.33,1.4548,37.2880,95.5506,16.5114,553.3698,894.3339,1044.9736
1972.42,12.3113,43.2124,95.9115,16.4488,553.3716,894.9835,1041.5093
1972.50,47.1507,55.8744,98.0649,15.9736,553.3723,891.0542,1026.9812
1972.58,19.4686,66.3058,101.1914,15.8596,553.3726,891.3410,1031.4993
1972.67,19.6076,64.1171,104.1143,15.9927,553.3675,891.4807,1028.9790
1972.75,0.1893,60.7291,105.5144,16.2611,553.3620,890.6853,1027.5354
1972.83,0.1737,57.8988,105.3941,16.3331,553.3616,891.1330,1030.1141
1972.92,0.1598,55.6449,104.1668,16.3558,553.3610,891.2344,1033.2577
1973.00,0.1470,52.9914,102.6519,16.3631,553.3606,891.2915,1037.2815
1973.08,0.1352,50.4605,101.1566,16.3826,553.3602,891.3834,1041.1224
1973.17,0.1243,48.0912,99.7085,16.4314,553.3591,891.5311,1044.6776
1973.25,0.1143,46.2797,98.5741,16.5143,553.3586,891.8304,1047.1392
1973.33,2.4083,45.7197,97.7474,16.6713,553.3570,892.9642,1046.2000
1973.42,5.1841,46.2091,97.8798,16.7647,553.3553,894.0452,1044.4540
1973.50,9.2754,44.6478,99.1736,16.6509,553.3541,894.9731,1041.0308
1973.58,6.4469,47.5859,101.2259,15.9815,553.3455,889.3884,1022.1432
1973.67,14.6359,58.1875,104.5013,15.5282,553.3334,886.9569,1020.5089
1973.75,0.2332,61.8844,106.5913,14.9529,553.3167,885.5062,1016.7783
1973.83,0.2152,58.7615,106.6706,14.8235,553.3122,885.3868,1018.1506
1973.92,0.1983,56.6611,105.5985,14.7685,553.3112,885.4214,1020.7765
1974.00,0.1827,54.1699,104.1846,14.7383,553.3105,885.4872,1024.3463
1974.08,0.1700,51.6123,102.6846,14.7102,553.3090,885.6753,1027.5260
1974.17,0.1569,49.3733,101.3283,14.7072,553.3088,885.8459,1030.6370
1974.25,0.1454,47.6591,100.3540,14.6747,553.3064,886.5433,1031.7104
1974.33,8.9754,49.4428,100.0151,14.6223,553.3045,887.1283,1032.6388
1974.42,41.9693,61.2450,101.6205,14.4786,553.3025,888.0464,1034.4966
1974.50,72.1118,72.8405,104.8146,14.2626,553.2965,889.1458,1032.4795
1974.58,24.9405,71.6240,109.0421,14.2717,553.2924,890.5410,1033.1580
1974.67,23.2121,63.9238,111.5371,14.7237,553.2903,891.4150,1036.4521
1974.75,0.2150,56.7202,111.2352,15.1695,553.2890,892.5539,1043.3629
1974.83,0.1988,52.0763,109.8845,15.4504,553.2881,893.9661,1044.7762
1974.92,0.1836,48.0939,107.3718,15.5616,553.2880,894.4214,1050.0332
1975.00,0.1692,44.1066,104.6226,15.5971,553.2869,894.6313,1056.3070
1975.08,0.1560,40.5526,102.0212,15.6475,553.2867,894.8908,1062.0067
1975.17,0.1441,37.5006,99.6567,15.7521,553.2863,895.2800,1066.8192
1975.25,0.1329,34.4232,97.1592,15.9503,553.2871,896.1643,1071.0212
1975.33,7.3487,36.0093,96.4246,16.3868,553.2922,899.9755,1062.4624
1975.42,33.4347,45.1820,96.8621,16.4234,553.3022,901.3128,1054.7328
1975.50,72.7516,60.0295,98.8438,16.4345,553.3138,900.0380,1046.7565
1975.58,25.6612,63.7490,102.1018,16.6203,553.3198,898.8122,1043.2755
1975.67,23.7654,56.7235,104.4960,16.9779,553.3200,899.4510,1047.7156
1975.75,0.2244,51.0541,104.6525,17.4211,553.3207,900.0600,1050.4641
1975.83,0.2060,46.0677,102.7557,17.6343,553.3215,900.5938,1056.4291
1975.92,0.1905,42.8505,100.6775,17.7416,553.3220,901.2571,1059.5988
1976.00,0.1763,39.8971,98.5465,17.7996,553.3224,901.6185,1063.9471
1976.08,0.1635,37.4855,96.7216,17.8677,553.3226,901.9348,1067.4425
1976.17,0.1508,35.8415,95.4351,17.9964,553.3234,902.3258,1069.5718
1976.25,0.1389,34.3256,94.2532,18.1555,553.3239,902.8383,1071.2539
1976.33,1.0724,33.3693,93.6677,18.5149,553.3293,905.0040,1063.6388
1976.42,17.4689,40.9868,94.1505,18.4567,553.3381,905.2398,1055.7455
1976.50,21.9674,41.9123,95.6000,18.2472,553.3398,905.9106,1057.6143
1976.58,7.3443,36.2817,96.8715,17.8579,553.3416,907.1921,1061.4005
1976.67,7.3937,32.2599,97.4898,17.4436,553.3476,906.6179,1056.9236
1976.75,0.0704,28.7908,97.2212,16.8230,553.3493,907.6656,1057.7693
1976.83,0.0649,25.9323,95.2232,16.6995,553.3502,907.7878,1060.5469
1976.92,0.0603,24.3994,93.5614,16.5346,553.3502,908.1223,1062.3289
1977.00,0.0557,22.4366,91.2389,16.4983,553.3499,908.2139,1066.0767
1977.08,0.0513,20.5765,88.9028,16.4841,553.3497,908.2995,1069.9863
1977.17,0.0473,18.8691,86.6276,16.4638,553.3497,908.5306,1073.3450
1977.25,0.0436,17.3773,84.5492,16.4075,553.3503,909.0894,1075.5732
1977.33,2.2198,17.4088,83.3484,16.1212,553.3542,910.7749,1070.1743
1977.42,14.0642,22.3813,83.5154,15.1754,553.3647,908.7269,1054.9585
1977.50,13.5484,19.8385,83.5389,14.6332,553.3652,909.0551,1056.7959
1977.58,6.0323,20.1639,83.4314,13.8390,553.3632,906.0756,1047.9041
1977.67,5.8306,17.8511,83.1182,13.3690,553.3586,904.6314,1046.6416
1977.75,0.0555,15.4591,82.2760,13.0122,553.3574,905.0575,1049.4760
1977.83,0.0509,13.7842,80.5771,12.8285,553.3565,905.3450,1052.3929
1977.92,0.0467,12.6496,78.6497,12.7076,553.3562,905.5495,1054.9973
1978.00,0.0430,11.6373,76.7091,12.6589,553.3553,905.6453,1057.5631
1978.08,0.0397,10.7856,74.9814,12.6220,553.3543,905.7612,1059.8074
1978.17,0.0366,9.8913,73.0615,12.6012,553.3532,905.8621,1062.2716
1978.25,0.0339,9.1152,71.3654,12.5190,553.3517,906.3889,1062.5465
1978.33,0.1179,8.4315,69.8536,12.3413,553.3502,907.0691,1062.3368
1978.42,32.1480,20.7859,70.2255,11.7158,553.3396,903.5214,1043.3962
1978.50,75.3248,38.2596,72.0558,11.5105,553.3325,901.6446,1040.6722
1978.58,25.2543,37.4055,74.2163,11.4463,553.3323,901.6678,1044.3822
1978.67,24.2670,34.2015,75.4431,11.4611,553.3199,900.1511,1041.0477
1978.75,0.2244,29.7487,75.5037,11.6073,553.3192,900.4603,1045.4435
1978.83,0.2078,27.1542,74.6075,11.7493,553.3140,900.7183,1044.8197
1978.92,0.1926,25.2587,73.1102,11.8389,553.3120,900.7792,1046.7996
1979.00,0.1792,23.9187,71.9252,11.9007,553.3110,900.8819,1048.5830
1979.08,0.1651,22.7764,70.8775,11.9190,553.3109,900.9151,1050.6271
1979.17,0.1522,21.7397,69.8944,11.9872,553.3108,901.0106,1052.3075
1979.25,0.1414,20.9712,69.1826,12.2614,553.3083,901.5046,1051.0251
1979.33,1.3040,21.3351,68.8193,12.5785,553.3055,901.8787,1048.7611
1979.42,29.0878,31.3261,69.4417,12.9612,553.2889,898.2774,1033.4502
1979.50,70.9474,47.0935,71.5521,13.2579,553.2676,894.4945,1026.0925
1979.58,25.6313,53.9902,75.0557,13.3215,553.2641,894.5237,1029.3993
1979.67,28.7252,56.6662,78.0305,14.3749,553.2026,887.1235,1012.0339
1979.75,0.4754,60.8481,80.6849,14.7910,553.1769,885.7437,1010.5178
1979.83,0.4377,57.1963,81.3469,14.8570,553.1702,885.8621,1012.2212
1979.92,0.4047,55.1665,80.5494,14.9088,553.1662,885.9633,1014.2200
1980.00,0.3749,52.7954,79.4956,14.9372,553.1649,886.0515,1017.1754
1980.08,0.3522,50.2817,78.3413,15.0053,553.1622,886.2707,1020.0974
1980.17,0.3344,47.9638,77.2413,15.1850,553.1579,886.6668,1022.0397
1980.25,0.3171,46.1908,76.4080,15.3937,553.1483,887.1169,1020.5138
1980.33,9.2795,48.0303,76.2080,15.5612,553.1356,887.1324,1016.8386
1980.42,38.8379,57.4024,77.4103,15.4815,553.1126,885.4701,1009.7940
1980.50,82.7853,72.4246,81.3525,15.2459,553.1069,885.6100,1012.7369
1980.58,28.5259,70.7262,86.1976,15.2130,553.0880,885.2731,1012.3503
1980.67,26.1897,61.0203,89.3077,15.4894,553.0853,886.1667,1018.9420
1980.75,0.2442,53.9015,90.2436,15.8509,553.0809,887.3943,1024.1847
1980.83,0.2250,48.6976,89.1438,16.0779,553.0771,888.5381,1028.2935
1980.92,0.2082,45.3581,87.4381,16.2246,553.0751,889.3641,1031.5043
1981.00,0.1920,41.5961,85.2010,16.2750,553.0751,889.6949,1036.8560
1981.08,0.1774,38.5677,83.2939,16.3793,553.0747,890.1949,1040.9916
1981.17,0.1636,35.4592,81.2323,16.5158,553.0737,890.6721,1045.4678
1981.25,0.1546,34.1313,80.4037,16.9984,553.0711,893.3295,1040.2678
1981.33,6.2446,36.0270,80.3771,17.3103,553.0716,894.2142,1030.6979
1981.42,26.2513,44.1648,81.2110,17.0398,553.0707,892.1186,1021.1827
1981.50,69.3042,59.5004,84.2531,16.5460,553.0647,889.8673,1017.7745
1981.58,23.7688,56.7434,87.6053,16.3455,553.0589,890.2706,1019.3800
1981.67,24.1118,54.0802,90.1605,16.8886,553.0422,888.9331,1014.6732
1981.75,0.2259,47.9690,91.0654,17.1082,553.0386,889.8879,1019.5222
1981.83,0.2092,43.9447,90.1284,17.1782,553.0328,890.3538,1021.1642
1981.92,0.1929,40.1961,87.9301,17.2165,553.0313,890.5753,1026.2455
1982.00,0.1794,37.4293,86.0747,17.2438,553.0301,890.9510,1029.5863
1982.08,0.1671,35.2361,84.5306,17.2931,553.0292,891.2227,1032.6901
1982.17,0.1540,33.7018,83.4139,17.3617,553.0288,891.4417,1034.8995
1982.25,0.1430,32.5347,82.6078,17.5607,553.0267,892.2347,1034.9274
1982.33,0.9464,31.8145,82.1416,17.7205,553.0246,893.2531,1034.2175
1982.42,19.2524,37.6746,82.6641,17.5999,553.0192,893.7036,1025.7889
1982.50,57.3587,51.8236,84.6907,16.7730,553.0040,889.8910,1013.0861
1982.58,24.1199,63.0450,88.5511,16.5400,552.9806,886.0657,1007.1907
1982.67,29.7308,69.0115,92.9208,16.7302,552.9577,884.3099,1005.8897
1982.75,0.4763,71.0829,95.7962,16.7853,552.9311,883.1646,1002.3269
1982.83,0.4441,67.9895,95.8047,16.8254,552.9190,882.4776,1001.7722
1982.92,0.4151,65.4865,94.8185,16.8445,552.9136,882.3793,1003.6878
1983.00,0.3843,62.6284,93.5582,16.8513,552.9122,882.4487,1007.3386
1983.08,0.3543,59.7909,92.2665,16.8823,552.9113,882.5648,1011.1531
1983.17,0.3267,57.3351,91.1201,16.9567,552.9103,882.7780,1014.3113
1983.25,0.3097,55.2729,90.2145,17.2086,552.8998,883.7642,1011.9099
1983.33,6.7253,55.8188,89.6720,17.2905,552.8873,883.9242,1007.4512
1983.42,33.7619,63.8556,90.6992,16.7764,552.8651,881.7198,999.3004
1983.50,71.7501,75.7476,93.4874,16.1328,552.8246,876.9850,990.5258
1983.58,28.6376,84.4744,98.6437,16.0042,552.8124,877.3633,994.6907
1983.67,28.8764,81.0349,104.0397,16.2058,552.8053,879.1281,1001.5382
1983.75,0.2668,72.7571,107.0358,16.2949,552.8038,879.7707,1007.0879
1983.83,0.2444,68.0357,107.0578,16.3502,552.8035,880.3504,1011.5801
1983.92,0.2265,65.0936,105.9534,16.4343,552.8002,881.5067,1014.2106
1984.00,0.2114,62.0106,104.4230,16.4702,552.7987,881.9139,1018.1427
1984.08,0.1980,59.0720,102.9140,16.5526,552.7974,882.4811,1021.7441
1984.17,0.1845,56.5387,101.5705,16.7265,552.7959,883.3170,1024.2705
1984.25,0.1721,54.4859,100.4985,16.9612,552.7923,885.1238,1023.0099
1984.33,3.3658,53.9313,99.8103,17.1852,552.7877,886.6576,1017.0669
1984.42,39.9166,65.3155,101.3209,17.0479,552.7847,886.7440,1013.3556
1984.50,78.3482,77.9490,104.7071,16.6834,552.7816,886.7936,1011.7930
1984.58,28.2224,76.1104,109.0919,16.7032,552.7746,885.5365,1006.3965
1984.67,27.3899,69.7559,112.8433,17.2478,552.7659,884.4973,1006.3434
1984.75,0.2544,62.5035,113.9523,17.5944,552.7628,885.6996,1012.1148
1984.83,0.2412,59.7020,113.3653,17.7215,552.7531,885.0663,1007.3161
1984.92,0.2244,57.6020,112.2444,17.7811,552.7510,884.8763,1008.8978
1985.00,0.2073,54.9372,110.6616,17.8111,552.7501,884.9887,1012.8194
1985.08,0.1937,52.3151,109.0507,17.8834,552.7490,885.2440,1016.5010
1985.17,0.1811,49.9265,107.5334,17.9877,552.7482,885.4799,1019.6656
1985.25,0.1671,48.1717,106.4796,18.1772,552.7473,885.9959,1021.3782
1985.33,6.2213,48.5848,106.1794,18.4708,552.7420,887.2393,1015.5970
1985.42,40.6022,59.4651,107.5183,18.2984,552.7380,887.0870,1011.9067
1985.50,61.1257,66.8563,110.0234,17.9805,552.7382,887.7445,1015.9073
1985.58,22.4875,65.1995,113.1256,17.8421,552.7271,886.8469,1007.1365
1985.67,20.9492,57.1269,114.8646,18.0221,552.7243,887.1418,1013.0386
1985.75,0.1949,50.7407,114.6892,18.0794,552.7228,888.5356,1019.8234
1985.83,0.1807,47.1225,112.7702,18.1309,552.7200,889.3526,1022.0541
1985.92,0.1697,44.5566,110.9645,18.1474,552.7184,889.9374,1024.4978
1986.00,0.1608,42.4326,109.3513,18.1662,552.7175,890.3861,1026.8860
1986.08,0.1525,40.5550,107.8778,18.2344,552.7162,890.8678,1027.9865
1986.17,0.1417,38.9146,106.5608,18.3147,552.7157,891.2793,1029.8308
1986.25,0.1311,37.5703,105.6913,18.4537,552.7152,892.1042,1029.5649
1986.33,8.4986,39.4531,105.3147,18.4276,552.7146,893.1841,1024.1423
1986.42,37.9693,49.6677,106.0770,18.1118,552.7149,893.5396,1022.8079
1986.50,52.2481,55.1604,108.1901,17.6928,552.7150,894.3321,1024.9757
1986.58,17.6010,48.3114,109.9343,17.5634,552.7152,895.3998,1028.8029
1986.67,16.2089,41.5477,110.6567,17.4898,552.7147,896.6478,1034.7164
1986.75,0.1539,37.6176,110.0266,17.3865,552.7150,898.2842,1036.3556
1986.83,0.1422,34.7815,108.3070,17.2728,552.7158,899.3513,1037.7590
1986.92,0.1347,33.5047,107.1350,17.2559,552.7169,899.6806,1035.9207
1987.00,0.1259,31.9646,105.6344,17.2577,552.7175,899.8502,1037.7870
1987.08,0.1161,30.4680,104.1265,17.2692,552.7167,899.9492,1040.3706
1987.17,0.1076,29.2049,102.8143,17.3281,552.7173,900.3236,1041.9597
1987.25,0.1016,28.1155,101.6698,17.4332,552.7192,900.8947,1039.6989
1987.33,11.1454,31.4556,101.2224,17.4601,552.7209,901.2681,1038.5605
1987.42,43.2893,43.1419,102.0312,17.0982,552.7243,902.0086,1034.6732
1987.50,63.4788,52.1306,104.1535,16.6859,552.7270,901.7739,1031.9875
1987.58,21.0398,46.1475,105.8322,16.6582,552.7271,902.3571,1035.9238
1987.67,20.6613,42.7133,106.9131,16.7585,552.7265,901.7131,1032.7941
1987.75,0.1949,38.6223,106.3859,16.8129,552.7256,902.3503,1035.6904
1987.83,0.1791,34.9724,104.3744,16.7379,552.7253,902.7961,1039.8752
1987.92,0.1674,33.4914,103.1918,16.6857,552.7247,903.3915,1040.2802
1988.00,0.1578,32.0206,101.8144,16.6771,552.7242,903.6177,1041.4114
1988.08,0.1489,30.5038,100.3436,16.7085,552.7242,903.7757,1043.5056
1988.17,0.1398,29.1284,98.9661,16.8092,552.7242,904.0988,1044.8890
1988.25,0.1324,27.9952,97.8479,16.8888,552.7246,904.4871,1043.5265
1988.33,7.6482,29.9748,97.3439,16.8825,552.7249,904.0147,1037.5482
1988.42,40.6847,41.5618,98.0825,16.4298,552.7230,900.8726,1027.3210
1988.50,81.0359,57.0589,100.8557,15.9823,552.7213,901.2234,1030.1729
1988.58,27.4565,54.7923,103.5398,15.8636,552.7166,900.4389,1030.2197
1988.67,26.6468,50.6804,105.8399,16.0686,552.7092,899.0654,1028.3436
1988.75,0.2527,46.1214,105.9596,16.3179,552.7040,899.0950,1029.7905
1988.83,0.2322,41.6404,104.0720,16.4640,552.7028,899.5283,1035.2603
1988.92,0.2136,38.1054,101.4940,16.5168,552.7021,899.8093,1040.7445
1989.00,0.1984,35.9967,99.7769,16.5815,552.7013,900.3000,1043.7953
1989.08,0.1838,33.5512,97.6947,16.6549,552.7002,900.5962,1047.7715
1989.17,0.1729,31.9960,96.3147,16.8466,552.6993,901.2799,1049.2534
1989.25,0.1624,30.8030,95.3594,17.1404,552.6978,902.4409,1047.3269
1989.33,8.6953,32.9871,94.9899,17.3687,552.6968,903.5669,1044.2249
1989.42,41.7663,45.1046,95.9071,17.3367,552.6974,904.2849,1040.6270
1989.50,80.1040,59.3775,98.0796,17.0746,552.6971,902.8674,1034.6217
1989.58,27.7778,59.4860,101.3961,17.0367,552.6957,902.8802,1035.4420
1989.67,25.9839,53.5878,103.2113,17.4533,552.6934,903.0393,1037.0789
1989.75,0.2540,50.7022,103.6451,18.0357,552.6872,901.9030,1032.5950
1989.83,0.2342,46.0639,102.0103,18.2015,552.6860,902.1989,1037.4734
1989.92,0.2158,42.1943,99.4508,18.2678,552.6851,902.4093,1043.1371
1990.00,0.2001,39.3862,97.4206,18.3152,552.6854,902.6663,1047.4180
1990.08,0.1855,36.9886,95.6036,18.4287,552.6848,903.0505,1050.9965
1990.17,0.1723,35.3563,94.3195,18.5805,552.6838,903.5009,1053.0038
1990.25,0.1634,34.0673,93.3009,19.0264,552.6827,904.8395,1048.2062
1990.33,6.6425,35.4405,92.8302,19.2561,552.6826,904.5965,1040.5103
1990.42,35.4488,45.5036,93.3675,19.0434,552.6807,902.5568,1032.9657
1990.50,80.5906,61.3747,96.1345,18.6521,552.6763,900.8657,1031.1840
1990.58,27.8422,64.0165,99.3700,18.3831,552.6757,901.7347,1036.1108
1990.67,25.8931,57.8040,101.6019,18.5192,552.6733,902.7955,1039.9750
1990.75,0.2427,51.4509,102.3955,18.9785,552.6701,904.7226,1043.6364
1990.83,0.2253,47.7902,101.1216,19.2399,552.6684,905.6796,1046.1121
1990.92,0.2101,45.2216,99.5990,19.3923,552.6672,906.3196,1047.2256
1991.00,0.1958,42.3957,97.6916,19.4745,552.6674,906.6461,1050.9803
1991.08,0.1854,40.3708,96.2686,19.5953,552.6671,907.0073,1053.2621
1991.17,0.1727,38.7048,95.0608,19.7617,552.6669,907.3516,1054.8916
1991.25,0.1592,37.3500,94.1096,19.9634,552.6670,907.7571,1056.2959
1991.33,4.7867,37.9081,93.5868,20.3901,552.6672,909.1068,1053.6483
1991.42,36.7643,49.0401,94.4360,20.2909,552.6680,910.3298,1050.3920
1991.50,68.5073,61.4293,96.9521,19.7930,552.6690,908.5546,1042.1985
1991.58,24.6828,59.0650,99.7305,19.6977,552.6652,906.7092,1037.4055
1991.67,25.8370,61.6584,102.5602,19.8627,552.6589,905.5016,1036.8374
1991.75,0.2546,59.4019,104.2006,20.0259,552.6467,904.4397,1033.1182
1991.83,0.2338,56.4906,104.1484,20.0238,552.6451,904.9482,1035.9076
1991.92,0.2203,54.3704,102.9866,19.9609,552.6401,904.6846,1035.9481
1992.00,0.2071,51.8721,101.5443,19.9743,552.6384,904.6046,1038.6871
1992.08,0.1931,49.4387,100.0919,20.0315,552.6373,904.8291,1041.8953
1992.17,0.1782,47.4963,98.9036,20.1056,552.6370,905.0295,1044.4801
1992.25,0.1687,45.9002,98.0084,20.3488,552.6307,905.4498,1041.0776
1992.33,9.4647,47.7195,97.8712,20.3922,552.6281,905.7718,1040.9711
1992.42,40.7919,57.8223,99.3439,20.0448,552.6248,906.6220,1040.9805
1992.50,54.7100,63.9332,101.5133,19.6372,552.6203,908.1918,1041.6666
1992.58,21.0641,63.5595,104.1750,19.4098,552.6075,906.6451,1033.9912
1992.67,25.5088,68.7187,107.2225,19.1582,552.5950,904.7313,1030.6511
1992.75,0.3845,71.6642,109.5161,19.1352,552.5919,904.7178,1033.8185
1992.83,0.3526,68.2237,109.6066,19.0640,552.5912,905.2668,1037.0140
1992.92,0.3273,65.6091,108.3966,18.9633,552.5891,905.7441,1039.9874
1993.00,0.3080,62.4843,106.8222,18.9559,552.5873,906.0424,1043.8190
1993.08,0.2870,59.5136,105.2733,18.9737,552.5870,906.2905,1047.7426
1993.17,0.2651,56.7281,103.7712,19.0058,552.5865,906.5133,1051.6248
1993.25,0.2461,54.5940,102.6770,19.1401,552.5837,907.7306,1051.6602
1993.33,7.0716,55.3860,102.2403,19.1676,552.5776,908.0757,1041.5266
1993.42,38.9601,65.1535,103.5117,18.6110,552.5723,907.1487,1037.3400
1993.50,76.1283,77.4900,106.2517,17.8998,552.5639,905.7166,1034.2957
1993.58,25.5782,74.0747,109.7380,17.7899,552.5639,906.1586,1039.9653
1993.67,24.2154,66.5814,112.0451,17.8432,552.5574,907.1502,1042.1095
1993.75,0.2322,62.1375,112.3252,18.1487,552.5509,908.0283,1041.2417
1993.83,0.2179,58.9237,111.6067,18.2442,552.5455,907.7136,1038.8250
1993.92,0.2065,56.5852,110.2787,18.2942,552.5434,907.4084,1039.7510
1994.00,0.1962,54.0803,108.7919,18.3688,552.5415,907.4467,1042.0374
1994.08,0.1853,51.5836,107.2609,18.4549,552.5405,907.5269,1044.5995
1994.17,0.1749,49.1739,105.7334,18.5914,552.5399,907.7316,1047.3912
1994.25,0.1618,47.4412,104.7094,18.7369,552.5389,908.0555,1048.9519
1994.33,6.3513,48.1242,104.2223,18.9734,552.5352,908.3240,1042.5244
1994.42,43.4124,60.1899,105.5702,18.8706,552.5317,907.4077,1038.3712
1994.50,70.2910,69.0707,108.7728,18.5988,552.5287,906.6382,1039.1444
1994.58,23.4232,60.8671,111.1228,18.3888,552.5277,907.3193,1044.4807
1994.67,23.3863,57.7468,113.7965,18.3833,552.5208,906.5497,1039.3406
1994.75,0.2164,52.5812,114.9007,18.4918,552.5209,907.2711,1043.7659
1994.83,0.2016,49.8004,114.2819,18.6674,552.5172,907.6450,1041.4178
1994.92,0.1861,47.8046,112.9444,18.6926,552.5167,907.7398,1044.0498
1995.00,0.1717,45.6669,111.4058,18.7034,552.5158,907.8836,1047.1927
1995.08,0.1595,43.5361,109.8210,18.7508,552.5153,908.0522,1050.3258
1995.17,0.1473,41.7799,108.4843,18.8834,552.5155,908.3896,1052.7535
1995.25,0.1358,40.2665,107.4049,19.0165,552.5151,908.7957,1054.4211
1995.33,2.2620,39.9096,106.6102,19.2622,552.5140,909.9065,1051.1490
1995.42,19.2913,45.3350,106.4271,19.0874,552.5112,906.0357,1034.7659
1995.50,54.6601,57.0692,107.7358,18.3160,552.4797,897.6459,1018.7453
1995.58,23.1683,68.1515,110.5996,18.1552,552.4540,895.5115,1016.7485
1995.67,27.7846,74.1209,114.3806,18.1328,552.4523,895.9556,1022.6613
1995.75,0.2861,72.8217,116.3068,18.0244,552.4360,896.2932,1021.6107
1995.83,0.2651,70.0798,115.7704,18.1442,552.4306,896.4058,1023.1540
1995.92,0.2446,67.4908,114.4885,18.1618,552.4293,896.5646,1026.5472
1996.00,0.2254,64.4497,112.9187,18.1723,552.4279,896.6783,1030.8684
1996.08,0.2087,61.3864,111.2820,18.2013,552.4271,896.8758,1035.2054
1996.17,0.1935,58.7370,109.8211,18.2921,552.4261,897.2163,1038.7026
1996.25,0.1818,56.3471,108.4690,18.4710,552.4221,898.2834,1039.5115
1996.33,5.0350,56.4029,107.8025,18.6787,552.4149,899.5692,1035.5884
1996.42,31.1554,64.9377,108.4140,18.5160,552.4092,900.1471,1031.8280
1996.50,58.2985,77.4515,111.1648,18.2126,552.3992,899.5255,1026.3241
1996.58,24.0146,85.7196,115.3409,18.2115,552.3738,895.7853,1018.1479
1996.67,24.7688,85.1145,119.2218,18.2443,552.3665,896.0319,1022.3950
1996.75,0.2460,79.4639,121.0555,18.2188,552.3593,896.8747,1024.5386
1996.83,0.2268,76.0863,120.7811,18.2136,552.3564,897.1478,1026.9915
1996.92,0.2109,73.2074,119.4142,18.1856,552.3547,897.5174,1030.3618
1997.00,0.1949,69.8257,117.7327,18.1841,552.3539,897.6682,1034.9906
1997.08,0.1820,66.5303,116.0385,18.2154,552.3529,898.0999,1039.2349
1997.17,0.1691,63.4673,114.4103,18.2687,552.3521,898.4906,1043.1167
1997.25,0.1565,61.0430,113.1864,18.3832,552.3507,899.3107,1045.4585
1997.33,4.3642,60.5782,112.3075,18.4534,552.3477,900.9994,1044.4935
1997.42,32.0983,69.0742,113.0783,18.2262,552.3448,902.9329,1039.0143
1997.50,71.5700,81.0894,115.8292,17.5087,552.3295,896.6144,1019.9436
1997.58,27.5557,88.6685,120.3166,17.3336,552.3180,895.4871,1019.5905
1997.67,31.9866,91.6939,124.0653,17.6886,552.2657,888.0176,1005.9610
1997.75,0.4398,92.1610,126.4616,17.5208,552.2303,886.0027,1002.7214
1997.83,0.4139,88.1147,126.3592,17.5115,552.2119,884.9700,1002.1529
1997.92,0.3923,84.5165,124.8425,17.4966,552.2053,884.8990,1005.6418
1998.00,0.3688,80.5168,123.0409,17.4892,552.2026,885.0325,1010.6295
1998.08,0.3408,76.6772,121.2515,17.5024,552.2010,885.1519,1015.9729
1998.17,0.3156,73.0947,119.5245,17.5800,552.2000,885.5380,1020.7728
1998.25,0.2934,70.0482,118.0997,17.7138,552.1976,886.3156,1024.1174
1998.33,6.4010,70.1564,117.3536,17.8642,552.1888,888.2632,1021.7814
1998.42,36.6168,78.7664,118.5203,17.6152,552.1787,889.7750,1017.2102
1998.50,63.7895,88.4614,120.6843,17.2010,552.1739,890.1529,1017.4743
1998.58,22.3554,86.4045,124.9119,16.8767,552.1685,891.4448,1019.4438
1998.67,21.5138,79.1869,128.2520,17.0439,552.1608,891.2537,1018.4626
1998.75,0.2098,71.9238,129.3927,17.1643,552.1559,891.8055,1020.0563
1998.83,0.1958,67.5780,128.3320,17.1313,552.1508,891.5723,1019.5051
1998.92,0.1860,65.1831,127.0017,17.1632,552.1472,891.2458,1019.1787
1999.00,0.1752,62.2608,125.2725,17.1879,552.1457,891.2723,1022.3085
1999.08,0.1659,59.3207,123.4686,17.2611,552.1447,891.5350,1025.4736
1999.17,0.1549,56.7783,121.8581,17.3617,552.1436,891.7900,1028.3629
1999.25,0.1446,54.7715,120.6473,17.5424,552.1423,892.4282,1028.8180
1999.33,3.3154,54.1711,119.7921,17.5322,552.1383,892.1123,1020.1724
1999.42,28.3981,61.8086,120.1469,17.0951,552.1262,887.6533,1007.8781
1999.50,59.5050,73.3104,122.3139,16.3147,552.1083,884.8285,1003.9172
1999.58,21.4485,76.6160,125.9770,16.0949,552.1021,885.0994,1008.0052
1999.67,22.8273,76.7577,129.2914,16.0728,552.0790,883.6917,1004.7283
1999.75,0.2394,73.0034,130.6221,16.0435,552.0629,883.3870,1003.4847
1999.83,0.2239,70.1487,130.0654,16.0818,552.0526,882.7170,1002.9139
1999.92,0.2069,67.6279,128.7388,16.0974,552.0509,882.8514,1006.1991
2000.00,0.1914,64.5487,126.9529,16.1007,552.0494,882.9658,1010.6081
2000.08,0.1764,61.4830,125.1141,16.1143,552.0476,883.0837,1015.2253
2000.17,0.1637,58.7559,123.4258,16.2055,552.0461,883.4973,1018.8979
2000.25,0.1517,56.6754,122.1643,16.3072,552.0441,884.1880,1020.8117
2000.33,6.6234,57.1449,121.6328,16.4135,552.0392,885.7389,1019.6287
2000.42,37.4750,67.3117,122.8370,16.2931,552.0334,886.8257,1017.6611
2000.50,41.4142,67.0364,124.8917,16.1145,552.0320,887.7740,1021.2666
2000.58,13.6817,57.9450,126.8823,16.1009,552.0311,888.6897,1028.4797
2000.67,13.3832,51.4201,128.1983,15.9487,552.0280,891.2755,1027.6886
2000.75,0.2263,46.8622,127.9374,15.6870,552.0276,892.4890,1024.9384
2000.83,0.2102,43.3553,125.8386,15.6312,552.0274,892.2963,1026.8738
2000.92,0.1942,40.0517,122.9075,15.6021,552.0266,892.4299,1032.4370
2001.00,0.1790,36.7758,119.8041,15.5907,552.0265,892.5591,1038.5033
2001.08,0.1654,34.6269,117.6611,15.5869,552.0261,892.7839,1042.3246
2001.17,0.1542,32.9850,115.9598,15.6054,552.0258,893.3370,1044.2623
2001.25,0.1427,31.6978,114.5971,15.6196,552.0261,893.8115,1045.7964
2001.33,6.9896,33.4950,113.8307,15.5810,552.0292,895.6039,1039.8632
2001.42,34.8260,43.1959,114.1322,15.3935,552.0383,893.8878,1025.8228
2001.50,76.8009,57.9818,115.9590,14.9391,552.0368,889.4106,1016.2295
2001.58,26.9647,62.7265,118.9917,14.8480,552.0347,890.1322,1020.8567
2001.67,24.7499,55.3054,120.9394,15.0350,552.0336,890.8521,1026.1360
2001.75,0.2316,49.7909,120.6471,15.4527,552.0320,892.1382,1031.1476
2001.83,0.2138,45.4639,118.5948,15.6572,552.0300,892.9709,1034.7175
2001.92,0.1970,41.6335,115.6221,15.6986,552.0293,893.3230,1040.5614
2002.00,0.1815,38.1819,112.6616,15.7173,552.0278,893.5076,1046.5770
2002.08,0.1673,35.0165,109.7770,15.7433,552.0275,893.6999,1052.2800
2002.17,0.1541,32.1130,106.9661,15.7947,552.0267,893.9767,1057.5483
2002.25,0.1425,29.8043,104.6046,15.9533,552.0260,894.7768,1061.0873
2002.33,0.2375,27.3676,102.2475,16.1751,552.0257,896.3893,1063.6133
2002.42,3.5406,26.8466,100.8422,16.3730,552.0320,900.7880,1055.0536
2002.50,7.2969,25.1714,100.4757,16.1960,552.0427,901.4371,1048.8022
2002.58,2.6011,22.4549,100.1637,15.7871,552.0485,901.9390,1048.2604
2002.67,3.4881,21.8290,99.6436,15.2399,552.0568,901.2866,1042.9790
2002.75,0.0875,24.6769,99.7025,14.6823,552.0616,894.8640,1027.6301
2002.83,0.0810,23.6111,99.0263,14.5347,552.0601,894.0754,1027.1433
2002.92,0.0760,22.7207,97.9007,14.4273,552.0593,893.6250,1027.5681
2003.00,0.0702,21.6576,96.5041,14.3899,552.0583,893.5787,1029.6299
2003.08,0.0647,20.6431,95.1258,14.3623,552.0571,893.5652,1031.6201
2003.17,0.0597,19.6822,93.7761,14.3483,552.0563,893.5817,1033.6246
2003.25,0.0558,18.9158,92.6881,14.2931,552.0540,893.3925,1032.6948
2003.33,5.4304,20.3939,92.0744,14.1047,552.0475,892.0518,1026.3018
2003.42,33.3702,30.7636,92.3023,13.6668,552.0322,888.7143,1017.4621
2003.50,65.0872,43.1949,93.3354,13.0993,552.0050,884.4439,1009.5488
2003.58,26.0203,56.1423,96.3930,13.0019,551.9861,882.9122,1007.8523
2003.67,25.4396,54.5872,99.0838,13.1016,551.9718,882.3523,1008.4234
2003.75,0.2455,52.7058,99.9696,13.3990,551.9578,881.5075,1007.4238
2003.83,0.2248,50.3831,99.7340,13.4650,551.9575,881.7072,1009.8353
2003.92,0.2062,48.4653,98.6071,13.4949,551.9556,881.8842,1012.8476
2004.00,0.1910,46.1849,97.1924,13.5285,551.9544,882.0390,1016.1087
2004.08,0.1784,43.9839,95.7798,13.6118,551.9525,882.3186,1019.0455
2004.17,0.1678,41.9560,94.4339,13.7877,551.9500,882.7632,1021.3536
2004.25,0.1554,40.4146,93.4787,13.9311,551.9478,883.1869,1022.8024
2004.33,4.8585,40.8701,92.9950,14.1858,551.9363,884.2922,1017.3762
2004.42,34.3378,51.0345,93.7366,14.2814,551.9320,884.7223,1017.2259
2004.50,58.4281,61.5257,95.2545,14.2543,551.9232,884.8658,1014.1909
2004.58,19.4532,57.9966,97.1756,14.3762,551.9218,885.4142,1017.7549
2004.67,17.9580,51.9132,97.9585,14.7981,551.9190,886.4893,1022.6486
2004.75,0.2171,48.1523,97.9633,15.1936,551.9122,888.0702,1021.8011
2004.83,0.2038,45.6310,97.0567,15.4224,551.9063,887.3250,1018.3396
2004.92,0.1889,43.2729,95.5582,15.4582,551.9051,887.5207,1021.3934
2005.00,0.1780,41.2545,94.1993,15.5251,551.9039,887.7186,1023.5353
2005.08,0.1659,39.3823,92.8966,15.5769,551.9036,887.8846,1025.9486
2005.17,0.1530,37.6531,91.6544,15.6465,551.9037,888.0342,1028.4515
2005.25,0.1430,36.2822,90.6675,15.8554,551.9020,888.6653,1027.5635
2005.33,3.0438,36.1572,90.1214,16.0257,551.8981,888.5289,1021.1161
2005.42,31.5240,45.8847,90.7030,15.8792,551.8936,887.4480,1016.4169
2005.50,73.0118,59.4614,92.7773,15.6046,551.8732,882.3690,1005.2811
2005.58,28.6111,70.1934,96.8836,15.4590,551.8700,883.0466,1010.2349
2005.67,27.1018,66.3155,99.8897,15.6339,551.8673,884.2053,1015.1487
2005.75,0.2503,59.9230,101.3968,15.7010,551.8668,884.4516,1019.9949
2005.83,0.2344,56.8356,100.9323,15.9739,551.8558,885.2400,1015.8308
2005.92,0.2173,54.7707,99.9318,16.1117,551.8537,885.3544,1017.2279
2006.00,0.2003,52.2646,98.5382,16.1462,551.8526,885.4396,1020.7866
2006.08,0.1846,49.9345,97.1999,16.2070,551.8518,885.5769,1024.0554
2006.17,0.1704,47.6216,95.8280,16.3352,551.8508,885.8105,1027.3207
2006.25,0.1604,45.7160,94.6763,16.6906,551.8489,886.6989,1028.0809
2006.33,5.8871,46.2922,94.3318,16.9485,551.8464,887.6296,1027.0044
2006.42,34.3066,57.0578,95.3753,17.0795,551.8450,888.7337,1027.6934
2006.50,37.0293,55.6945,97.6693,17.0044,551.8450,889.5437,1032.0073
2006.58,13.2661,53.5051,100.4328,16.9187,551.8399,889.9924,1023.6569
2006.67,13.8636,49.2219,102.2821,16.9339,551.8352,889.4191,1019.5160
2006.75,0.1728,50.0893,103.1489,16.7487,551.8242,886.2444,1011.5777
2006.83,0.1598,47.9038,102.7506,16.5949,551.8204,885.9159,1012.1249
2006.92,0.1473,46.1648,101.6679,16.5755,551.8197,885.9125,1014.4508
2007.00,0.1367,44.0110,100.2218,16.5547,551.8183,885.9872,1017.5234
2007.08,0.1297,41.9091,98.7619,16.5638,551.8165,886.0836,1019.9892
2007.17,0.1228,39.9858,97.3806,16.6106,551.8149,886.3539,1021.9424
2007.25,0.1146,38.5061,96.4594,16.5988,551.8102,886.8469,1020.3209
2007.33,8.1325,40.4146,95.8744,16.5640,551.8063,886.9421,1018.8829
2007.42,37.5988,50.6553,96.6746,16.2661,551.8024,887.4835,1018.2968
2007.50,47.4690,54.3243,98.4618,16.1356,551.8026,887.8535,1021.8901
2007.58,17.3677,51.4810,100.7382,15.8848,551.7929,887.5651,1017.2592
2007.67,23.1511,58.6861,103.8106,15.7676,551.7790,885.4255,1011.1542
2007.75,0.3663,61.9980,105.8929,15.7427,551.7735,885.4041,1012.1235
2007.83,0.3436,59.1376,105.7753,15.7784,551.7649,884.4360,1009.6700
2007.92,0.3179,56.9690,104.6944,15.7992,551.7632,884.3712,1012.0505
2008.00,0.2977,54.2755,103.1850,15.7986,551.7619,884.4962,1015.7050
2008.08,0.2801,51.6833,101.6820,15.8313,551.7605,884.6048,1019.1074
2008.17,0.2584,49.2406,100.2166,15.8718,551.7593,884.7190,1022.6875
2008.25,0.2389,47.3762,99.0789,15.9897,551.7582,885.2018,1024.6720
2008.33,7.8010,48.7932,98.4592,16.1899,551.7526,886.1154,1021.2617
2008.42,34.3549,57.5959,99.0226,16.2138,551.7495,886.7461,1020.7035
2008.50,61.8143,68.5131,101.3113,16.0916,551.7481,887.6798,1023.4611
2008.58,20.4238,60.5763,103.9931,16.0935,551.7482,888.3431,1029.2252
2008.67,23.2689,62.2455,106.4592,16.5688,551.7381,886.7122,1013.4858
2008.75,0.4188,64.8561,107.8401,16.8853,551.7312,885.6661,1011.6780
2008.83,0.3869,62.1164,107.5407,16.9799,551.7280,885.5696,1012.6688
2008.92,0.3567,59.9137,106.5017,16.9968,551.7271,885.5994,1015.2766
2009.00,0.3315,57.1136,104.9843,17.0070,551.7262,885.7183,1019.1365
2009.08,0.3066,54.4538,103.4939,17.0402,551.7252,885.8542,1022.8971
2009.17,0.2831,52.0076,102.0776,17.1113,551.7251,886.0437,1026.2531
2009.25,0.2612,50.0657,100.9560,17.2668,551.7244,886.4799,1028.5927
2009.33,6.5771,50.8421,100.2557,17.4601,551.7200,887.6321,1025.5481
2009.42,29.7141,59.6155,100.9814,17.3903,551.7136,887.6285,1017.8461
2009.50,61.7086,70.1539,102.9262,17.1646,551.6891,882.1241,1003.3912
2009.58,25.0257,79.3340,106.7775,17.1220,551.6743,880.8141,1004.1334
2009.67,26.6418,81.8714,110.4133,17.2490,551.6711,881.8029,1009.6354
2009.75,0.2481,76.7106,112.3736,17.2761,551.6703,882.0525,1014.1359
2009.83,0.2291,73.8747,111.6812,17.3098,551.6675,882.7657,1016.7765
2009.92,0.2124,71.0428,110.4144,17.3535,551.6650,883.2760,1020.0313
2010.00,0.1979,67.6650,108.8135,17.3913,551.6634,883.6602,1024.3475
2010.08,0.1867,64.4333,107.2284,17.4976,551.6616,884.2040,1028.1429
2010.17,0.1744,61.3557,105.6665,17.6174,551.6605,884.6590,1032.0345
2010.25,0.1618,58.9607,104.4318,17.8577,551.6588,885.6517,1034.1458
2010.33,3.9016,58.4748,103.7825,18.1081,551.6537,887.8865,1029.2010
2010.42,27.9904,65.6554,104.2096,17.9730,551.6485,887.0123,1017.6573
2010.50,55.8576,77.7407,107.0295,17.5140,551.6397,884.8102,1012.2710
2010.58,20.4509,83.9890,111.5324,17.3554,551.6357,885.3442,1016.7296
2010.67,19.9685,79.0108,115.7191,17.3966,551.6358,885.6323,1023.1177
2010.75,0.1850,72.1363,117.8829,17.4175,551.6358,885.7556,1027.7228
2010.83,0.1696,68.4434,117.8308,17.4491,551.6350,886.4290,1031.1036
2010.92,0.1573,65.6740,116.4608,17.4970,551.6346,887.0915,1034.0640
2011.00,0.1450,62.5521,114.7725,17.5117,551.6329,887.2877,1038.4863
2011.08,0.1337,59.5646,113.1007,17.5365,551.6326,887.4719,1042.8380
2011.17,0.1234,56.7491,111.4706,17.6105,551.6321,887.8047,1046.8485
2011.25,0.1139,54.5751,110.2085,17.7216,551.6316,888.4435,1049.3207
2011.33,2.0488,53.7524,109.4538,17.9649,551.6306,891.0154,1046.5986
2011.42,14.2590,57.0632,109.3203,17.9303,551.6340,892.7072,1035.8531
2011.50,45.8917,69.0395,111.6043,17.5416,551.6367,891.6874,1030.1150
2011.58,16.7355,72.5102,115.6186,17.4533,551.6362,892.4202,1032.0889
2011.67,15.5973,63.8715,118.9053,17.6178,551.6358,893.0210,1037.4604
2011.75,0.1500,58.5165,119.7994,17.7630,551.6349,894.1537,1038.0967
2011.83,0.1397,54.3978,118.6228,17.7788,551.6346,894.5765,1038.1559
2011.92,0.1308,52.2896,117.2384,17.7782,551.6349,894.8304,1039.9388
2012.00,0.1205,49.8044,115.5391,17.7752,551.6349,894.9001,1043.8507
2012.08,0.1111,47.4258,113.8561,17.7827,551.6337,895.0100,1047.6029
2012.17,0.1026,45.1782,112.2108,17.8135,551.6335,895.2466,1051.0355
2012.25,0.0946,43.4722,111.1043,17.8698,551.6336,895.7662,1052.7382
2012.33,4.9001,44.8986,110.7955,17.9073,551.6341,897.2014,1051.4897
2012.42,11.1424,48.3537,111.2715,17.7450,551.6345,898.5068,1052.8756
2012.50,10.8744,43.4841,112.5979,17.4964,551.6351,899.5583,1056.8248
2012.58,5.2737,45.8864,114.6843,16.7437,551.6443,900.4876,1046.2943
2012.67,5.4045,42.5592,116.3687,16.4017,551.6454,901.0459,1050.5453
2012.75,0.1304,39.2356,117.1164,15.6604,551.6519,900.6289,1042.1239
2012.83,0.1224,37.5653,116.4429,15.4119,551.6530,899.2344,1038.8379
2012.92,0.1130,36.2214,115.2599,15.3435,551.6535,899.0903,1040.4248
2013.00,0.1042,34.5852,113.6739,15.3064,551.6530,899.0974,1043.3124
2013.08,0.0961,32.9353,112.0200,15.2860,551.6518,899.1300,1046.3264
2013.17,0.0886,31.3625,110.3887,15.2631,551.6502,899.2180,1049.2021
2013.25,0.0817,30.0800,109.0217,15.2317,551.6505,899.3718,1051.2335
2013.33,5.9505,31.3717,108.0247,15.0703,551.6505,900.0421,1050.7291
2013.42,35.0280,41.6335,108.3729,14.5901,551.6522,899.6658,1042.2937
2013.50,63.6874,53.6195,110.3123,14.4502,551.6531,899.9181,1045.7457
2013.58,21.8860,49.8595,112.0916,14.2168,551.6530,899.3613,1041.2225
2013.67,20.9933,44.9731,112.8231,14.5209,551.6517,899.1149,1041.7357
2013.75,0.2616,44.3083,113.5130,15.0380,551.6403,894.4877,1027.3959
2013.83,0.2487,42.5396,112.8389,15.2345,551.6259,891.2742,1021.4706
2013.92,0.2360,40.9125,111.5482,15.2877,551.6205,890.6154,1022.2469
2014.00,0.2235,39.0042,109.9622,15.3140,551.6176,890.5131,1024.7511
2014.08,0.2111,37.1414,108.3605,15.3702,551.6155,890.5513,1027.3708
2014.17,0.2003,35.3877,106.8005,15.4861,551.6130,890.6856,1029.3970
2014.25,0.1895,34.0495,105.5904,15.5949,551.6088,890.7810,1029.2181
2014.33,6.0396,35.2334,104.9240,15.6705,551.6057,891.0121,1029.3293
2014.42,34.0239,45.0487,105.2474,15.5468,551.5934,890.5833,1023.6588
2014.50,73.1698,59.3957,107.1533,15.0404,551.5803,890.0842,1020.7404
2014.58,25.8691,64.1227,110.0276,14.9482,551.5696,889.9122,1020.3486
2014.67,24.5128,59.2344,112.1286,15.3037,551.5613,889.7271,1021.6953
2014.75,0.2281,53.3710,111.7818,15.5296,551.5578,890.5081,1027.1443
2014.83,0.2118,49.2452,110.2078,15.7644,551.5491,890.8409,1027.4514
2014.92,0.1981,47.0309,108.7595,15.8480,551.5457,891.0759,1028.7238
2015.00,0.1826,44.8569,107.2271,15.8681,551.5451,891.1830,1032.0995
2015.08,0.1686,42.7359,105.6810,15.8987,551.5439,891.3109,1035.4604
2015.17,0.1554,40.8533,104.2633,15.9720,551.5435,891.5292,1038.2939
2015.25,0.1432,39.2744,103.1327,16.1055,551.5426,891.9424,1040.1979
2015.33,1.4579,38.8761,102.4154,16.3620,551.5392,893.3660,1037.1981
2015.42,17.2403,44.0468,102.3156,16.4388,551.5341,893.2158,1027.4442
2015.50,58.9953,58.8034,104.3895,16.1303,551.5292,892.1976,1024.2830
2015.58,20.5555,61.5696,107.0715,15.9502,551.5284,892.7949,1028.9377
2015.67,18.8666,54.5095,108.7623,15.9683,551.5283,893.4567,1034.5220
2015.75,0.1749,47.7933,108.5660,16.0121,551.5286,893.9868,1041.3799
2015.83,0.1637,44.4438,107.5965,16.0915,551.5249,895.6443,1035.7026
2015.92,0.1554,42.7373,106.3982,16.2170,551.5240,895.4740,1034.3268
2016.00,0.1453,40.7253,104.8708,16.2559,551.5238,895.5184,1037.0229
2016.08,0.1341,38.7802,103.3432,16.2821,551.5233,895.5800,1040.2460
2016.17,0.1236,37.0493,101.9382,16.3561,551.5232,895.7252,1042.9388
2016.25,0.1150,35.6835,100.8182,16.5357,551.5233,896.1915,1042.9607
2016.33,4.5388,36.2757,100.0724,16.7495,551.5236,896.9788,1040.7303
2016.42,26.0376,43.7419,100.0566,16.8424,551.5245,896.7913,1035.0381
2016.50,54.6911,55.6985,102.0255,16.7322,551.5252,897.3458,1038.0153
2016.58,18.3612,50.5182,103.9509,16.6741,551.5262,898.1155,1041.1351
2016.67,17.6473,44.8979,105.1402,16.9008,551.5272,898.8466,1039.0616
2016.75,0.1639,39.6652,104.3169,17.0454,551.5272,899.5027,1044.8706
2016.83,0.1509,36.0762,102.3215,17.1262,551.5278,900.2440,1048.5531
2016.92,0.1390,33.0162,99.7740,17.1625,551.5282,900.5923,1053.1814
2017.00,0.1280,30.2790,97.2193,17.1687,551.5288,900.7157,1058.1982
2017.00,0.1280,30.2790,97.2193,17.1687,551.5288,900.7157,1058.1982
